"CubeId";"zimoma"
"PublishingDate";"2024-11-01 14:30"

"Date";"D0";"Value"
"2000-01";"SARON";"2.28"
"2000-01";"1TGT";"2.0625"
"2000-01";"EG3M";"1.7"
"2000-01";"SOFR";
"2000-01";"3M1";"6.0775"
"2000-01";"TONA";"0.02"
"2000-01";"SONIA";"6.606"
"2000-01";"3M3";"6.22594"
"2000-01";"ESTR";
"2000-01";"EURIBOR";"3.492"
"2000-02";"SARON";"1.342026"
"2000-02";"1TGT";"1.8"
"2000-02";"EG3M";"2.231"
"2000-02";"SOFR";
"2000-02";"3M1";"6.10875"
"2000-02";"TONA";"0.05"
"2000-02";"SONIA";"6.0053"
"2000-02";"3M3";"6.25375"
"2000-02";"ESTR";
"2000-02";"EURIBOR";"3.634"
"2000-03";"SARON";"2.361749"
"2000-03";"1TGT";"2.35"
"2000-03";"EG3M";"2.729"
"2000-03";"SOFR";
"2000-03";"3M1";"6.29"
"2000-03";"TONA";"0.04"
"2000-03";"SONIA";"5.7179"
"2000-03";"3M3";"6.25125"
"2000-03";"ESTR";
"2000-03";"EURIBOR";"3.831"
"2000-04";"SARON";"2.547827"
"2000-04";"1TGT";"2.95"
"2000-04";"EG3M";"2.753"
"2000-04";"SOFR";
"2000-04";"3M1";"6.5025"
"2000-04";"TONA";"0.02"
"2000-04";"SONIA";"5.8485"
"2000-04";"3M3";"6.365"
"2000-04";"ESTR";
"2000-04";"EURIBOR";"4.094"
"2000-05";"SARON";"3.047974"
"2000-05";"1TGT";"2.7"
"2000-05";"EG3M";"2.889"
"2000-05";"SOFR";
"2000-05";"3M1";"6.8625"
"2000-05";"TONA";"0.03"
"2000-05";"SONIA";"5.9768"
"2000-05";"3M3";"6.27891"
"2000-05";"ESTR";
"2000-05";"EURIBOR";"4.453"
"2000-06";"SARON";"3.054887"
"2000-06";"1TGT";"3.05"
"2000-06";"EG3M";"3.19"
"2000-06";"SOFR";
"2000-06";"3M1";"6.76938"
"2000-06";"TONA";"0.03"
"2000-06";"SONIA";"5.2592"
"2000-06";"3M3";"6.22484"
"2000-06";"ESTR";
"2000-06";"EURIBOR";"4.547"
"2000-07";"SARON";"2.778948"
"2000-07";"1TGT";"3"
"2000-07";"EG3M";"3.247"
"2000-07";"SOFR";
"2000-07";"3M1";"6.72188"
"2000-07";"TONA";"0.02"
"2000-07";"SONIA";"5.8457"
"2000-07";"3M3";"6.22625"
"2000-07";"ESTR";
"2000-07";"EURIBOR";"4.641"
"2000-08";"SARON";"3.125945"
"2000-08";"1TGT";"2.96"
"2000-08";"EG3M";"3.279"
"2000-08";"SOFR";
"2000-08";"3M1";"6.68"
"2000-08";"TONA";"0.25"
"2000-08";"SONIA";"5.6946"
"2000-08";"3M3";"6.24625"
"2000-08";"ESTR";
"2000-08";"EURIBOR";"4.888"
"2000-09";"SARON";"2.991287"
"2000-09";"1TGT";"3.1"
"2000-09";"EG3M";"3.291"
"2000-09";"SOFR";
"2000-09";"3M1";"6.81125"
"2000-09";"TONA";"0.28"
"2000-09";"SONIA";"6.1806"
"2000-09";"3M3";"6.1775"
"2000-09";"ESTR";
"2000-09";"EURIBOR";"4.996"
"2000-10";"SARON";"2.967391"
"2000-10";"1TGT";"3.08"
"2000-10";"EG3M";"3.319"
"2000-10";"SOFR";
"2000-10";"3M1";"6.76"
"2000-10";"TONA";"0.25"
"2000-10";"SONIA";"5.9876"
"2000-10";"3M3";"6.14563"
"2000-10";"ESTR";
"2000-10";"EURIBOR";"5.14"
"2000-11";"SARON";"2.955805"
"2000-11";"1TGT";"2.93"
"2000-11";"EG3M";"3.319"
"2000-11";"SOFR";
"2000-11";"3M1";"6.715"
"2000-11";"TONA";"0.26"
"2000-11";"SONIA";"6.3055"
"2000-11";"3M3";"6.03531"
"2000-11";"ESTR";
"2000-11";"EURIBOR";"5.051"
"2000-12";"SARON";"3.490226"
"2000-12";"1TGT";"3.5"
"2000-12";"EG3M";"3.202"
"2000-12";"SOFR";
"2000-12";"3M1";"6.39875"
"2000-12";"TONA";"0.2"
"2000-12";"SONIA";"4.3589"
"2000-12";"3M3";"5.89906"
"2000-12";"ESTR";
"2000-12";"EURIBOR";"4.855"
"2001-01";"SARON";"3.308556"
"2001-01";"1TGT";"3.36"
"2001-01";"EG3M";"3.202"
"2001-01";"SOFR";
"2001-01";"3M1";"5.42125"
"2001-01";"TONA";"0.25"
"2001-01";"SONIA";"6.3133"
"2001-01";"3M3";"5.79406"
"2001-01";"ESTR";
"2001-01";"EURIBOR";"4.744"
"2001-02";"SARON";"3.282052"
"2001-02";"1TGT";"3.3"
"2001-02";"EG3M";"3.271"
"2001-02";"SOFR";
"2001-02";"3M1";"5.0525"
"2001-02";"TONA";"0.26"
"2001-02";"SONIA";"6.3192"
"2001-02";"3M3";"5.64688"
"2001-02";"ESTR";
"2001-02";"EURIBOR";"4.771"
"2001-03";"SARON";"3.250111"
"2001-03";"1TGT";"3.35"
"2001-03";"EG3M";"3.102"
"2001-03";"SOFR";
"2001-03";"3M1";"4.87875"
"2001-03";"TONA";"0.12"
"2001-03";"SONIA";"6.053"
"2001-03";"3M3";"5.52641"
"2001-03";"ESTR";
"2001-03";"EURIBOR";"4.561"
"2001-04";"SARON";"3.085493"
"2001-04";"1TGT";"3.1"
"2001-04";"EG3M";"2.901"
"2001-04";"SOFR";
"2001-04";"3M1";"4.33625"
"2001-04";"TONA";"0.02"
"2001-04";"SONIA";"5.1817"
"2001-04";"3M3";"5.34047"
"2001-04";"ESTR";
"2001-04";"EURIBOR";"4.802"
"2001-05";"SARON";"3.275508"
"2001-05";"1TGT";"3.25"
"2001-05";"EG3M";"2.949"
"2001-05";"SOFR";
"2001-05";"3M1";"3.99"
"2001-05";"TONA";"0.03"
"2001-05";"SONIA";"5.9056"
"2001-05";"3M3";"5.25375"
"2001-05";"ESTR";
"2001-05";"EURIBOR";"4.531"
"2001-06";"SARON";"3.283814"
"2001-06";"1TGT";"3.25"
"2001-06";"EG3M";"3.042"
"2001-06";"SOFR";
"2001-06";"3M1";"3.83625"
"2001-06";"TONA";"0.06"
"2001-06";"SONIA";"4.7082"
"2001-06";"3M3";"5.29391"
"2001-06";"ESTR";
"2001-06";"EURIBOR";"4.441"
"2001-07";"SARON";"3.226346"
"2001-07";"1TGT";"3.2"
"2001-07";"EG3M";"2.993"
"2001-07";"SOFR";
"2001-07";"3M1";"3.67"
"2001-07";"TONA";"0.02"
"2001-07";"SONIA";"5.8914"
"2001-07";"3M3";"5.24625"
"2001-07";"ESTR";
"2001-07";"EURIBOR";"4.444"
"2001-08";"SARON";"3.123531"
"2001-08";"1TGT";"3.3"
"2001-08";"EG3M";"3.03"
"2001-08";"SOFR";
"2001-08";"3M1";"3.4625"
"2001-08";"TONA";"0.01"
"2001-08";"SONIA";"4.253"
"2001-08";"3M3";"4.93375"
"2001-08";"ESTR";
"2001-08";"EURIBOR";"4.253"
"2001-09";"SARON";"2.027698"
"2001-09";"1TGT";"2.12"
"2001-09";"EG3M";"2.032"
"2001-09";"SOFR";
"2001-09";"3M1";"2.59"
"2001-09";"TONA";"0.003"
"2001-09";"SONIA";"5.1683"
"2001-09";"3M3";"4.52656"
"2001-09";"ESTR";
"2001-09";"EURIBOR";"3.656"
"2001-10";"SARON";"2.118133"
"2001-10";"1TGT";"2.15"
"2001-10";"EG3M";"1.992"
"2001-10";"SOFR";
"2001-10";"3M1";"2.2"
"2001-10";"TONA";"0.003"
"2001-10";"SONIA";"3.8263"
"2001-10";"3M3";"4.22125"
"2001-10";"ESTR";
"2001-10";"EURIBOR";"3.522"
"2001-11";"SARON";"1.960142"
"2001-11";"1TGT";"2.18"
"2001-11";"EG3M";"1.948"
"2001-11";"SOFR";
"2001-11";"3M1";"2.03188"
"2001-11";"TONA";"0.003"
"2001-11";"SONIA";"3.8098"
"2001-11";"3M3";"4.02375"
"2001-11";"ESTR";
"2001-11";"EURIBOR";"3.36"
"2001-12";"SARON";"1.469348"
"2001-12";"1TGT";"1.65"
"2001-12";"EG3M";"1.653"
"2001-12";"SOFR";
"2001-12";"3M1";"1.88125"
"2001-12";"TONA";"0.002"
"2001-12";"SONIA";"4.9451"
"2001-12";"3M3";"4.09719"
"2001-12";"ESTR";
"2001-12";"EURIBOR";"3.294"
"2002-01";"SARON";"1.203506"
"2002-01";"1TGT";"1.42"
"2002-01";"EG3M";"1.589"
"2002-01";"SOFR";
"2002-01";"3M1";"1.88"
"2002-01";"TONA";"0.001"
"2002-01";"SONIA";"4.1909"
"2002-01";"3M3";"4.0575"
"2002-01";"ESTR";
"2002-01";"EURIBOR";"3.371"
"2002-02";"SARON";"1.571053"
"2002-02";"1TGT";"1.68"
"2002-02";"EG3M";"1.553"
"2002-02";"SOFR";
"2002-02";"3M1";"1.9"
"2002-02";"TONA";"0.001"
"2002-02";"SONIA";"4.0151"
"2002-02";"3M3";"4.05625"
"2002-02";"ESTR";
"2002-02";"EURIBOR";"3.366"
"2002-03";"SARON";"1.202675"
"2002-03";"1TGT";"1.32"
"2002-03";"EG3M";"1.529"
"2002-03";"SOFR";
"2002-03";"3M1";"2.03"
"2002-03";"TONA";"0.012"
"2002-03";"SONIA";"3.2728"
"2002-03";"3M3";"4.18688"
"2002-03";"ESTR";
"2002-03";"EURIBOR";"3.448"
"2002-04";"SARON";"1.418686"
"2002-04";"1TGT";"1.51"
"2002-04";"EG3M";"1.441"
"2002-04";"SOFR";
"2002-04";"3M1";"1.92"
"2002-04";"TONA";"0.002"
"2002-04";"SONIA";"4.8749"
"2002-04";"3M3";"4.15031"
"2002-04";"ESTR";
"2002-04";"EURIBOR";"3.385"
"2002-05";"SARON";"0.974746"
"2002-05";"1TGT";"1.03"
"2002-05";"EG3M";"1.151"
"2002-05";"SOFR";
"2002-05";"3M1";"1.89625"
"2002-05";"TONA";"0.002"
"2002-05";"SONIA";"3.998"
"2002-05";"3M3";"4.19063"
"2002-05";"ESTR";
"2002-05";"EURIBOR";"3.485"
"2002-06";"SARON";"0.937309"
"2002-06";"1TGT";"1.02"
"2002-06";"EG3M";"1.079"
"2002-06";"SOFR";
"2002-06";"3M1";"1.86"
"2002-06";"TONA";"0.002"
"2002-06";"SONIA";"3.3156"
"2002-06";"3M3";"4.14656"
"2002-06";"ESTR";
"2002-06";"EURIBOR";"3.441"
"2002-07";"SARON";"0.703175"
"2002-07";"1TGT";"0.64"
"2002-07";"EG3M";"0.553"
"2002-07";"SOFR";
"2002-07";"3M1";"1.82375"
"2002-07";"TONA";"0.001"
"2002-07";"SONIA";"4.8134"
"2002-07";"3M3";"4.0025"
"2002-07";"ESTR";
"2002-07";"EURIBOR";"3.377"
"2002-08";"SARON";"0.603556"
"2002-08";"1TGT";"0.6"
"2002-08";"EG3M";"0.57"
"2002-08";"SOFR";
"2002-08";"3M1";"1.80625"
"2002-08";"TONA";"0.002"
"2002-08";"SONIA";"4.3178"
"2002-08";"3M3";"4.00875"
"2002-08";"ESTR";
"2002-08";"EURIBOR";"3.358"
"2002-09";"SARON";"0.50856"
"2002-09";"1TGT";"0.65"
"2002-09";"EG3M";"0.549"
"2002-09";"SOFR";
"2002-09";"3M1";"1.79"
"2002-09";"TONA";"0.067"
"2002-09";"SONIA";"3.3924"
"2002-09";"3M3";"3.94063"
"2002-09";"ESTR";
"2002-09";"EURIBOR";"3.297"
"2002-10";"SARON";"0.517184"
"2002-10";"1TGT";"0.53"
"2002-10";"EG3M";"0.495"
"2002-10";"SOFR";
"2002-10";"3M1";"1.68625"
"2002-10";"TONA";"0.002"
"2002-10";"SONIA";"3.4606"
"2002-10";"3M3";"3.95"
"2002-10";"ESTR";
"2002-10";"EURIBOR";"3.259"
"2002-11";"SARON";"0.506908"
"2002-11";"1TGT";"0.59"
"2002-11";"EG3M";"0.44"
"2002-11";"SOFR";
"2002-11";"3M1";"1.425"
"2002-11";"TONA";"0.002"
"2002-11";"SONIA";"4.4397"
"2002-11";"3M3";"4.03141"
"2002-11";"ESTR";
"2002-11";"EURIBOR";"3.047"
"2002-12";"SARON";"0.362647"
"2002-12";"1TGT";"0.44"
"2002-12";"EG3M";"0.276"
"2002-12";"SOFR";
"2002-12";"3M1";"1.38"
"2002-12";"TONA";"0.002"
"2002-12";"SONIA";"4.824"
"2002-12";"3M3";"4.0225"
"2002-12";"ESTR";
"2002-12";"EURIBOR";"2.865"
"2003-01";"SARON";"0.486557"
"2003-01";"1TGT";"0.48"
"2003-01";"EG3M";"0.239"
"2003-01";"SOFR";
"2003-01";"3M1";"1.35"
"2003-01";"TONA";"0.001"
"2003-01";"SONIA";"4.1671"
"2003-01";"3M3";"3.9625"
"2003-01";"ESTR";
"2003-01";"EURIBOR";"2.807"
"2003-02";"SARON";"0.562408"
"2003-02";"1TGT";"0.49"
"2003-02";"EG3M";"0.4"
"2003-02";"SOFR";
"2003-02";"3M1";"1.34"
"2003-02";"TONA";"0.001"
"2003-02";"SONIA";"3.4409"
"2003-02";"3M3";"3.68344"
"2003-02";"ESTR";
"2003-02";"EURIBOR";"2.533"
"2003-03";"SARON";"0.177559"
"2003-03";"1TGT";"0.17"
"2003-03";"EG3M";"0.17"
"2003-03";"SOFR";
"2003-03";"3M1";"1.27875"
"2003-03";"TONA";"0.021"
"2003-03";"SONIA";"4.4736"
"2003-03";"3M3";"3.65703"
"2003-03";"ESTR";
"2003-03";"EURIBOR";"2.522"
"2003-04";"SARON";"0.094747"
"2003-04";"1TGT";"0.11"
"2003-04";"EG3M";"0.132"
"2003-04";"SOFR";
"2003-04";"3M1";"1.31"
"2003-04";"TONA";"0.002"
"2003-04";"SONIA";"3.7494"
"2003-04";"3M3";"3.62188"
"2003-04";"ESTR";
"2003-04";"EURIBOR";"2.53"
"2003-05";"SARON";"0.13474"
"2003-05";"1TGT";"0.1"
"2003-05";"EG3M";"0.14"
"2003-05";"SOFR";
"2003-05";"3M1";"1.28"
"2003-05";"TONA";"0.002"
"2003-05";"SONIA";"3.9286"
"2003-05";"3M3";"3.62563"
"2003-05";"ESTR";
"2003-05";"EURIBOR";"2.272"
"2003-06";"SARON";"0.14823"
"2003-06";"1TGT";"0.13"
"2003-06";"EG3M";"0.119"
"2003-06";"SOFR";
"2003-06";"3M1";"1.11625"
"2003-06";"TONA";"0.001"
"2003-06";"SONIA";"3.284"
"2003-06";"3M3";"3.64125"
"2003-06";"ESTR";
"2003-06";"EURIBOR";"2.147"
"2003-07";"SARON";"0.111008"
"2003-07";"1TGT";"0.08"
"2003-07";"EG3M";"0.099"
"2003-07";"SOFR";
"2003-07";"3M1";"1.11438"
"2003-07";"TONA";"0.002"
"2003-07";"SONIA";"3.1602"
"2003-07";"3M3";"3.44125"
"2003-07";"ESTR";
"2003-07";"EURIBOR";"2.121"
"2003-08";"SARON";"0.053337"
"2003-08";"1TGT";"0.08"
"2003-08";"EG3M";"0.119"
"2003-08";"SOFR";
"2003-08";"3M1";"1.14"
"2003-08";"TONA";"0.001"
"2003-08";"SONIA";"3.6208"
"2003-08";"3M3";"3.63188"
"2003-08";"ESTR";
"2003-08";"EURIBOR";"2.152"
"2003-09";"SARON";"0.145845"
"2003-09";"1TGT";"0.11"
"2003-09";"EG3M";"0.12"
"2003-09";"SOFR";
"2003-09";"3M1";"1.16"
"2003-09";"TONA";"0.013"
"2003-09";"SONIA";"3.8798"
"2003-09";"3M3";"3.725"
"2003-09";"ESTR";
"2003-09";"EURIBOR";"2.128"
"2003-10";"SARON";"0.113241"
"2003-10";"1TGT";"0.1"
"2003-10";"EG3M";"0.119"
"2003-10";"SOFR";
"2003-10";"3M1";"1.16938"
"2003-10";"TONA";"0.002"
"2003-10";"SONIA";"3.2044"
"2003-10";"3M3";"3.9475"
"2003-10";"ESTR";
"2003-10";"EURIBOR";"2.161"
"2003-11";"SARON";"0.117566"
"2003-11";"1TGT";"0.11"
"2003-11";"EG3M";"0.135"
"2003-11";"SOFR";
"2003-11";"3M1";"1.17188"
"2003-11";"TONA";"0.001"
"2003-11";"SONIA";"4.0423"
"2003-11";"3M3";"3.98313"
"2003-11";"ESTR";
"2003-11";"EURIBOR";"2.154"
"2003-12";"SARON";"0.126631"
"2003-12";"1TGT";"0.09"
"2003-12";"EG3M";"0.106"
"2003-12";"SOFR";
"2003-12";"3M1";"1.15188"
"2003-12";"TONA";"0.001"
"2003-12";"SONIA";"3.2895"
"2003-12";"3M3";"4.0375"
"2003-12";"ESTR";
"2003-12";"EURIBOR";"2.124"
"2004-01";"SARON";"0.098549"
"2004-01";"1TGT";"0.1"
"2004-01";"EG3M";"0.115"
"2004-01";"SOFR";
"2004-01";"3M1";"1.13"
"2004-01";"TONA";"0.001"
"2004-01";"SONIA";"3.772"
"2004-01";"3M3";"4.145"
"2004-01";"ESTR";
"2004-01";"EURIBOR";"2.093"
"2004-02";"SARON";"0.100093"
"2004-02";"1TGT";"0.09"
"2004-02";"EG3M";"0.15"
"2004-02";"SOFR";
"2004-02";"3M1";"1.12"
"2004-02";"TONA";"0.001"
"2004-02";"SONIA";"3.6589"
"2004-02";"3M3";"4.20438"
"2004-02";"ESTR";
"2004-02";"EURIBOR";"2.052"
"2004-03";"SARON";"0.110365"
"2004-03";"1TGT";"0.1"
"2004-03";"EG3M";"0.135"
"2004-03";"SOFR";
"2004-03";"3M1";"1.11"
"2004-03";"TONA";"0.005"
"2004-03";"SONIA";"3.6909"
"2004-03";"3M3";"4.375"
"2004-03";"ESTR";
"2004-03";"EURIBOR";"1.958"
"2004-04";"SARON";"0.108065"
"2004-04";"1TGT";"0.12"
"2004-04";"EG3M";"0.182"
"2004-04";"SOFR";
"2004-04";"3M1";"1.18"
"2004-04";"TONA";"0.001"
"2004-04";"SONIA";"3.9925"
"2004-04";"3M3";"4.43375"
"2004-04";"ESTR";
"2004-04";"EURIBOR";"2.073"
"2004-05";"SARON";"0.112946"
"2004-05";"1TGT";"0.1"
"2004-05";"EG3M";"0.17"
"2004-05";"SOFR";
"2004-05";"3M1";"1.315"
"2004-05";"TONA";"0.002"
"2004-05";"SONIA";"4.6399"
"2004-05";"3M3";"4.6575"
"2004-05";"ESTR";
"2004-05";"EURIBOR";"2.087"
"2004-06";"SARON";"0.360676"
"2004-06";"1TGT";"0.36"
"2004-06";"EG3M";"0.329"
"2004-06";"SOFR";
"2004-06";"3M1";"1.61"
"2004-06";"TONA";"0.002"
"2004-06";"SONIA";"4.7368"
"2004-06";"3M3";"4.84375"
"2004-06";"ESTR";
"2004-06";"EURIBOR";"2.12"
"2004-07";"SARON";"0.1953"
"2004-07";"1TGT";"0.22"
"2004-07";"EG3M";"0.42"
"2004-07";"SOFR";
"2004-07";"3M1";"1.7"
"2004-07";"TONA";"0.001"
"2004-07";"SONIA";"4.2418"
"2004-07";"3M3";"4.93875"
"2004-07";"ESTR";
"2004-07";"EURIBOR";"2.116"
"2004-08";"SARON";"0.173508"
"2004-08";"1TGT";"0.18"
"2004-08";"EG3M";"0.448"
"2004-08";"SOFR";
"2004-08";"3M1";"1.8"
"2004-08";"TONA";"0.001"
"2004-08";"SONIA";"4.6304"
"2004-08";"3M3";"4.9625"
"2004-08";"ESTR";
"2004-08";"EURIBOR";"2.115"
"2004-09";"SARON";"0.53447"
"2004-09";"1TGT";"0.54"
"2004-09";"EG3M";"0.586"
"2004-09";"SOFR";
"2004-09";"3M1";"2.02"
"2004-09";"TONA";"0.005"
"2004-09";"SONIA";"4.6412"
"2004-09";"3M3";"4.91875"
"2004-09";"ESTR";
"2004-09";"EURIBOR";"2.15"
"2004-10";"SARON";"0.63083"
"2004-10";"1TGT";"0.58"
"2004-10";"EG3M";"0.59"
"2004-10";"SOFR";
"2004-10";"3M1";"2.17"
"2004-10";"TONA";"0.002"
"2004-10";"SONIA";"4.6004"
"2004-10";"3M3";"4.8975"
"2004-10";"ESTR";
"2004-10";"EURIBOR";"2.153"
"2004-11";"SARON";"0.503354"
"2004-11";"1TGT";"0.45"
"2004-11";"EG3M";"0.634"
"2004-11";"SOFR";
"2004-11";"3M1";"2.41"
"2004-11";"TONA";"0.001"
"2004-11";"SONIA";"4.7724"
"2004-11";"3M3";"4.85906"
"2004-11";"ESTR";
"2004-11";"EURIBOR";"2.176"
"2004-12";"SARON";"0.497394"
"2004-12";"1TGT";"0.55"
"2004-12";"EG3M";"0.634"
"2004-12";"SOFR";
"2004-12";"3M1";"2.56438"
"2004-12";"TONA";"0.002"
"2004-12";"SONIA";"4.8016"
"2004-12";"3M3";"4.885"
"2004-12";"ESTR";
"2004-12";"EURIBOR";"2.155"
"2005-01";"SARON";"0.654176"
"2005-01";"1TGT";"0.6"
"2005-01";"EG3M";"0.666"
"2005-01";"SOFR";
"2005-01";"3M1";"2.75"
"2005-01";"TONA";"0.001"
"2005-01";"SONIA";"4.6468"
"2005-01";"3M3";"4.86813"
"2005-01";"ESTR";
"2005-01";"EURIBOR";"2.142"
"2005-02";"SARON";"0.67587"
"2005-02";"1TGT";"0.63"
"2005-02";"EG3M";"0.709"
"2005-02";"SOFR";
"2005-02";"3M1";"2.92"
"2005-02";"TONA";"0.001"
"2005-02";"SONIA";"5.2804"
"2005-02";"3M3";"4.95625"
"2005-02";"ESTR";
"2005-02";"EURIBOR";"2.136"
"2005-03";"SARON";"0.809343"
"2005-03";"1TGT";"0.75"
"2005-03";"EG3M";"0.694"
"2005-03";"SOFR";
"2005-03";"3M1";"3.12"
"2005-03";"TONA";"0.022"
"2005-03";"SONIA";"4.8668"
"2005-03";"3M3";"4.98313"
"2005-03";"ESTR";
"2005-03";"EURIBOR";"2.147"
"2005-04";"SARON";"0.646173"
"2005-04";"1TGT";"0.64"
"2005-04";"EG3M";"0.602"
"2005-04";"SOFR";
"2005-04";"3M1";"3.21"
"2005-04";"TONA";"0.001"
"2005-04";"SONIA";"4.8697"
"2005-04";"3M3";"4.93875"
"2005-04";"ESTR";
"2005-04";"EURIBOR";"2.126"
"2005-05";"SARON";"0.665846"
"2005-05";"1TGT";"0.66"
"2005-05";"EG3M";"0.682"
"2005-05";"SOFR";
"2005-05";"3M1";"3.3375"
"2005-05";"TONA";"0.002"
"2005-05";"SONIA";"4.756"
"2005-05";"3M3";"4.86688"
"2005-05";"ESTR";
"2005-05";"EURIBOR";"2.127"
"2005-06";"SARON";"0.631008"
"2005-06";"1TGT";"0.58"
"2005-06";"EG3M";"0.662"
"2005-06";"SOFR";
"2005-06";"3M1";"3.51625"
"2005-06";"TONA";"0.001"
"2005-06";"SONIA";"4.8483"
"2005-06";"3M3";"4.75"
"2005-06";"ESTR";
"2005-06";"EURIBOR";"2.106"
"2005-07";"SARON";"0.678098"
"2005-07";"1TGT";"0.63"
"2005-07";"EG3M";"0.65"
"2005-07";"SOFR";
"2005-07";"3M1";"3.7"
"2005-07";"TONA";"0.001"
"2005-07";"SONIA";"4.6204"
"2005-07";"3M3";"4.61938"
"2005-07";"ESTR";
"2005-07";"EURIBOR";"2.125"
"2005-08";"SARON";"0.677405"
"2005-08";"1TGT";"0.63"
"2005-08";"EG3M";"0.678"
"2005-08";"SOFR";
"2005-08";"3M1";"3.87"
"2005-08";"TONA";"0.001"
"2005-08";"SONIA";"4.7577"
"2005-08";"3M3";"4.58938"
"2005-08";"ESTR";
"2005-08";"EURIBOR";"2.134"
"2005-09";"SARON";"0.674366"
"2005-09";"1TGT";"0.63"
"2005-09";"EG3M";"0.686"
"2005-09";"SOFR";
"2005-09";"3M1";"4.065"
"2005-09";"TONA";"0.004"
"2005-09";"SONIA";"4.3942"
"2005-09";"3M3";"4.6"
"2005-09";"ESTR";
"2005-09";"EURIBOR";"2.176"
"2005-10";"SARON";"0.673334"
"2005-10";"1TGT";"0.61"
"2005-10";"EG3M";"0.745"
"2005-10";"SOFR";
"2005-10";"3M1";"4.26"
"2005-10";"TONA";"0"
"2005-10";"SONIA";"4.3925"
"2005-10";"3M3";"4.60688"
"2005-10";"ESTR";
"2005-10";"EURIBOR";"2.263"
"2005-11";"SARON";"0.68404"
"2005-11";"1TGT";"0.63"
"2005-11";"EG3M";"0.868"
"2005-11";"SOFR";
"2005-11";"3M1";"4.42"
"2005-11";"TONA";"0.001"
"2005-11";"SONIA";"4.7196"
"2005-11";"3M3";"4.6175"
"2005-11";"ESTR";
"2005-11";"EURIBOR";"2.473"
"2005-12";"SARON";"0.609864"
"2005-12";"1TGT";"0.63"
"2005-12";"EG3M";"0.9"
"2005-12";"SOFR";
"2005-12";"3M1";"4.53625"
"2005-12";"TONA";"0.004"
"2005-12";"SONIA";"4.7627"
"2005-12";"3M3";"4.63938"
"2005-12";"ESTR";
"2005-12";"EURIBOR";"2.488"
"2006-01";"SARON";"0.828563"
"2006-01";"1TGT";"0.75"
"2006-01";"EG3M";"0.916"
"2006-01";"SOFR";
"2006-01";"3M1";"4.68"
"2006-01";"TONA";"0.001"
"2006-01";"SONIA";"4.7004"
"2006-01";"3M3";"4.59813"
"2006-01";"ESTR";
"2006-01";"EURIBOR";"2.547"
"2006-02";"SARON";"0.895374"
"2006-02";"1TGT";"0.91"
"2006-02";"EG3M";"1"
"2006-02";"SOFR";
"2006-02";"3M1";"4.8225"
"2006-02";"TONA";"0.002"
"2006-02";"SONIA";"4.6553"
"2006-02";"3M3";"4.57875"
"2006-02";"ESTR";
"2006-02";"EURIBOR";"2.664"
"2006-03";"SARON";"1.05294"
"2006-03";"1TGT";"1.03"
"2006-03";"EG3M";"1.091"
"2006-03";"SOFR";
"2006-03";"3M1";"5"
"2006-03";"TONA";"0.004"
"2006-03";"SONIA";"4.7528"
"2006-03";"3M3";"4.61188"
"2006-03";"ESTR";
"2006-03";"EURIBOR";"2.816"
"2006-04";"SARON";"1.187275"
"2006-04";"1TGT";"1.22"
"2006-04";"EG3M";"1.147"
"2006-04";"SOFR";
"2006-04";"3M1";"5.13"
"2006-04";"TONA";"0.006"
"2006-04";"SONIA";"4.4299"
"2006-04";"3M3";"4.665"
"2006-04";"ESTR";
"2006-04";"EURIBOR";"2.852"
"2006-05";"SARON";"1.11309"
"2006-05";"1TGT";"1.16"
"2006-05";"EG3M";"1.26"
"2006-05";"SOFR";
"2006-05";"3M1";"5.23813"
"2006-05";"TONA";"0.021"
"2006-05";"SONIA";"4.6207"
"2006-05";"3M3";"4.71063"
"2006-05";"ESTR";
"2006-05";"EURIBOR";"2.926"
"2006-06";"SARON";"1.242492"
"2006-06";"1TGT";"1.27"
"2006-06";"EG3M";"1.326"
"2006-06";"SOFR";
"2006-06";"3M1";"5.48063"
"2006-06";"TONA";"0.027"
"2006-06";"SONIA";"4.7194"
"2006-06";"3M3";"4.75375"
"2006-06";"ESTR";
"2006-06";"EURIBOR";"3.056"
"2006-07";"SARON";"1.345125"
"2006-07";"1TGT";"1.3"
"2006-07";"EG3M";"1.334"
"2006-07";"SOFR";
"2006-07";"3M1";"5.46563"
"2006-07";"TONA";"0.267"
"2006-07";"SONIA";"4.8059"
"2006-07";"3M3";"4.77688"
"2006-07";"ESTR";
"2006-07";"EURIBOR";"3.161"
"2006-08";"SARON";"1.370228"
"2006-08";"1TGT";"1.33"
"2006-08";"EG3M";"1.417"
"2006-08";"SOFR";
"2006-08";"3M1";"5.3975"
"2006-08";"TONA";"0.266"
"2006-08";"SONIA";"4.8703"
"2006-08";"3M3";"4.9825"
"2006-08";"ESTR";
"2006-08";"EURIBOR";"3.264"
"2006-09";"SARON";"1.682963"
"2006-09";"1TGT";"1.61"
"2006-09";"EG3M";"1.569"
"2006-09";"SOFR";
"2006-09";"3M1";"5.37"
"2006-09";"TONA";"0.339"
"2006-09";"SONIA";"4.8972"
"2006-09";"3M3";"5.074"
"2006-09";"ESTR";
"2006-09";"EURIBOR";"3.417"
"2006-10";"SARON";"1.627171"
"2006-10";"1TGT";"1.59"
"2006-10";"EG3M";"1.681"
"2006-10";"SOFR";
"2006-10";"3M1";"5.37063"
"2006-10";"TONA";"0.256"
"2006-10";"SONIA";"4.8876"
"2006-10";"3M3";"5.1925"
"2006-10";"ESTR";
"2006-10";"EURIBOR";"3.564"
"2006-11";"SARON";"1.768215"
"2006-11";"1TGT";"1.87"
"2006-11";"EG3M";"1.712"
"2006-11";"SOFR";
"2006-11";"3M1";"5.37"
"2006-11";"TONA";"0.271"
"2006-11";"SONIA";"5.078"
"2006-11";"3M3";"5.25"
"2006-11";"ESTR";
"2006-11";"EURIBOR";"3.636"
"2006-12";"SARON";"1.897995"
"2006-12";"1TGT";"1.94"
"2006-12";"EG3M";"1.88"
"2006-12";"SOFR";
"2006-12";"3M1";"5.36"
"2006-12";"TONA";"0.275"
"2006-12";"SONIA";"5.201"
"2006-12";"3M3";"5.32"
"2006-12";"ESTR";
"2006-12";"EURIBOR";"3.725"
"2007-01";"SARON";"1.905279"
"2007-01";"1TGT";"2.02"
"2007-01";"EG3M";"1.996"
"2007-01";"SOFR";
"2007-01";"3M1";"5.36"
"2007-01";"TONA";"0.282"
"2007-01";"SONIA";"5.3237"
"2007-01";"3M3";"5.59"
"2007-01";"ESTR";
"2007-01";"EURIBOR";"3.782"
"2007-02";"SARON";"1.835111"
"2007-02";"1TGT";"1.94"
"2007-02";"EG3M";"2.04"
"2007-02";"SOFR";
"2007-02";"3M1";"5.34813"
"2007-02";"TONA";"0.589"
"2007-02";"SONIA";"5.3178"
"2007-02";"3M3";"5.53"
"2007-02";"ESTR";
"2007-02";"EURIBOR";"3.848"
"2007-03";"SARON";"1.979335"
"2007-03";"1TGT";"1.98"
"2007-03";"EG3M";"2.1"
"2007-03";"SOFR";
"2007-03";"3M1";"5.35"
"2007-03";"TONA";"0.715"
"2007-03";"SONIA";"5.3123"
"2007-03";"3M3";"5.61688"
"2007-03";"ESTR";
"2007-03";"EURIBOR";"3.924"
"2007-04";"SARON";"2.066636"
"2007-04";"1TGT";"2.1"
"2007-04";"EG3M";"2.2"
"2007-04";"SOFR";
"2007-04";"3M1";"5.355"
"2007-04";"TONA";"0.539"
"2007-04";"SONIA";"5.2935"
"2007-04";"3M3";"5.72625"
"2007-04";"ESTR";
"2007-04";"EURIBOR";"4.017"
"2007-05";"SARON";"2.165807"
"2007-05";"1TGT";"2.18"
"2007-05";"EG3M";"2.22"
"2007-05";"SOFR";
"2007-05";"3M1";"5.36"
"2007-05";"TONA";"0.544"
"2007-05";"SONIA";"5.5491"
"2007-05";"3M3";"5.81063"
"2007-05";"ESTR";
"2007-05";"EURIBOR";"4.122"
"2007-06";"SARON";"2.418879"
"2007-06";"1TGT";"2.56"
"2007-06";"EG3M";"2.432"
"2007-06";"SOFR";
"2007-06";"3M1";"5.36"
"2007-06";"TONA";"0.605"
"2007-06";"SONIA";"6.4568"
"2007-06";"3M3";"6.00375"
"2007-06";"ESTR";
"2007-06";"EURIBOR";"4.175"
"2007-07";"SARON";"2.490651"
"2007-07";"1TGT";"2.5"
"2007-07";"EG3M";"2.476"
"2007-07";"SOFR";
"2007-07";"3M1";"5.35866"
"2007-07";"TONA";"0.516"
"2007-07";"SONIA";"5.7774"
"2007-07";"3M3";"6.04313"
"2007-07";"ESTR";
"2007-07";"EURIBOR";"4.26"
"2007-08";"SARON";"2.3134"
"2007-08";"1TGT";"2.35"
"2007-08";"EG3M";"2.476"
"2007-08";"SOFR";
"2007-08";"3M1";"5.62125"
"2007-08";"TONA";"0.498"
"2007-08";"SONIA";"6.1242"
"2007-08";"3M3";"6.6925"
"2007-08";"ESTR";
"2007-08";"EURIBOR";"4.735"
"2007-09";"SARON";"2.209981"
"2007-09";"1TGT";"2.2"
"2007-09";"EG3M";"2.008"
"2007-09";"SOFR";
"2007-09";"3M1";"5.22875"
"2007-09";"TONA";"0.675"
"2007-09";"SONIA";"5.9288"
"2007-09";"3M3";"6.30375"
"2007-09";"ESTR";
"2007-09";"EURIBOR";"4.792"
"2007-10";"SARON";"2.118889"
"2007-10";"1TGT";"2.09"
"2007-10";"EG3M";"1.896"
"2007-10";"SOFR";
"2007-10";"3M1";"4.89375"
"2007-10";"TONA";"0.524"
"2007-10";"SONIA";"5.8079"
"2007-10";"3M3";"6.27938"
"2007-10";"ESTR";
"2007-10";"EURIBOR";"4.603"
"2007-11";"SARON";"2.115592"
"2007-11";"1TGT";"2.06"
"2007-11";"EG3M";"2.052"
"2007-11";"SOFR";
"2007-11";"3M1";"5.13125"
"2007-11";"TONA";"0.52"
"2007-11";"SONIA";"5.8799"
"2007-11";"3M3";"6.60625"
"2007-11";"ESTR";
"2007-11";"EURIBOR";"4.81"
"2007-12";"SARON";"1.873853"
"2007-12";"1TGT";"2"
"2007-12";"EG3M";"2.044"
"2007-12";"SOFR";
"2007-12";"3M1";"4.7025"
"2007-12";"TONA";"0.459"
"2007-12";"SONIA";"5.7799"
"2007-12";"3M3";"5.99375"
"2007-12";"ESTR";
"2007-12";"EURIBOR";"4.684"
"2008-01";"SARON";"2.241335"
"2008-01";"1TGT";"2.38"
"2008-01";"EG3M";"2.085"
"2008-01";"SOFR";
"2008-01";"3M1";"3.11188"
"2008-01";"TONA";"0.508"
"2008-01";"SONIA";"5.5156"
"2008-01";"3M3";"5.58"
"2008-01";"ESTR";
"2008-01";"EURIBOR";"4.374"
"2008-02";"SARON";"2.240998"
"2008-02";"1TGT";"2.32"
"2008-02";"EG3M";"2.104"
"2008-02";"SOFR";
"2008-02";"3M1";"3.0575"
"2008-02";"TONA";"0.512"
"2008-02";"SONIA";"5.2976"
"2008-02";"3M3";"5.73875"
"2008-02";"ESTR";
"2008-02";"EURIBOR";"4.384"
"2008-03";"SARON";"1.894609"
"2008-03";"1TGT";"2.62"
"2008-03";"EG3M";"1.585"
"2008-03";"SOFR";
"2008-03";"3M1";"2.68813"
"2008-03";"TONA";"0.641"
"2008-03";"SONIA";"5.4267"
"2008-03";"3M3";"6.00813"
"2008-03";"ESTR";
"2008-03";"EURIBOR";"4.727"
"2008-04";"SARON";"1.850478"
"2008-04";"1TGT";"1.83"
"2008-04";"EG3M";"1.502"
"2008-04";"SOFR";
"2008-04";"3M1";"2.85"
"2008-04";"TONA";"0.522"
"2008-04";"SONIA";"5.0476"
"2008-04";"3M3";"5.83875"
"2008-04";"ESTR";
"2008-04";"EURIBOR";"4.857"
"2008-05";"SARON";"1.796851"
"2008-05";"1TGT";"1.95"
"2008-05";"EG3M";"1.485"
"2008-05";"SOFR";
"2008-05";"3M1";"2.68063"
"2008-05";"TONA";"0.527"
"2008-05";"SONIA";"5.0654"
"2008-05";"3M3";"5.86688"
"2008-05";"ESTR";
"2008-05";"EURIBOR";"4.864"
"2008-06";"SARON";"1.860357"
"2008-06";"1TGT";"1.82"
"2008-06";"EG3M";"1.788"
"2008-06";"SOFR";
"2008-06";"3M1";"2.78313"
"2008-06";"TONA";"0.572"
"2008-06";"SONIA";"5.288"
"2008-06";"3M3";"5.94625"
"2008-06";"ESTR";
"2008-06";"EURIBOR";"4.947"
"2008-07";"SARON";"1.955679"
"2008-07";"1TGT";"1.97"
"2008-07";"EG3M";"1.413"
"2008-07";"SOFR";
"2008-07";"3M1";"2.79125"
"2008-07";"TONA";"0.519"
"2008-07";"SONIA";"4.9592"
"2008-07";"3M3";"5.78313"
"2008-07";"ESTR";
"2008-07";"EURIBOR";"4.968"
"2008-08";"SARON";"1.933609"
"2008-08";"1TGT";"1.98"
"2008-08";"EG3M";"1.521"
"2008-08";"SOFR";
"2008-08";"3M1";"2.81063"
"2008-08";"TONA";"0.516"
"2008-08";"SONIA";"5.035"
"2008-08";"3M3";"5.75313"
"2008-08";"ESTR";
"2008-08";"EURIBOR";"4.963"
"2008-09";"SARON";"1.666335"
"2008-09";"1TGT";"1.7"
"2008-09";"EG3M";"0.004"
"2008-09";"SOFR";
"2008-09";"3M1";"4.0525"
"2008-09";"TONA";"0.544"
"2008-09";"SONIA";"5.0906"
"2008-09";"3M3";"6.3"
"2008-09";"ESTR";
"2008-09";"EURIBOR";"5.277"
"2008-10";"SARON";"0.522862"
"2008-10";"1TGT";"0.3"
"2008-10";"EG3M";"0"
"2008-10";"SOFR";
"2008-10";"3M1";"3.02625"
"2008-10";"TONA";"0.384"
"2008-10";"SONIA";"4.2961"
"2008-10";"3M3";"5.84125"
"2008-10";"ESTR";
"2008-10";"EURIBOR";"4.76"
"2008-11";"SARON";"0.03909"
"2008-11";"1TGT";"0.05"
"2008-11";"EG3M";"0.348"
"2008-11";"SOFR";
"2008-11";"3M1";"2.21688"
"2008-11";"TONA";"0.318"
"2008-11";"SONIA";"2.646"
"2008-11";"3M3";"3.91"
"2008-11";"ESTR";
"2008-11";"EURIBOR";"3.853"
"2008-12";"SARON";"0.019608"
"2008-12";"1TGT";"0.01"
"2008-12";"EG3M";"0"
"2008-12";"SOFR";
"2008-12";"3M1";"1.425"
"2008-12";"TONA";"0.103"
"2008-12";"SONIA";"1.5373"
"2008-12";"3M3";"2.77"
"2008-12";"ESTR";
"2008-12";"EURIBOR";"2.892"
"2009-01";"SARON";"0.080879"
"2009-01";"1TGT";"0"
"2009-01";"EG3M";"0"
"2009-01";"SOFR";
"2009-01";"3M1";"1.18438"
"2009-01";"TONA";"0.128"
"2009-01";"SONIA";"1.3414"
"2009-01";"3M3";"2.16563"
"2009-01";"ESTR";
"2009-01";"EURIBOR";"2.086"
"2009-02";"SARON";"0.035864"
"2009-02";"1TGT";"0"
"2009-02";"EG3M";"0"
"2009-02";"SOFR";
"2009-02";"3M1";"1.26438"
"2009-02";"TONA";"0.109"
"2009-02";"SONIA";"0.9025"
"2009-02";"3M3";"2.04938"
"2009-02";"ESTR";
"2009-02";"EURIBOR";"1.825"
"2009-03";"SARON";"0.031394"
"2009-03";"1TGT";"0.05"
"2009-03";"EG3M";"0"
"2009-03";"SOFR";
"2009-03";"3M1";"1.19188"
"2009-03";"TONA";"0.088"
"2009-03";"SONIA";"0.5027"
"2009-03";"3M3";"1.64875"
"2009-03";"ESTR";
"2009-03";"EURIBOR";"1.51"
"2009-04";"SARON";"0.03359"
"2009-04";"1TGT";"0.05"
"2009-04";"EG3M";"0"
"2009-04";"SOFR";
"2009-04";"3M1";"1.01625"
"2009-04";"TONA";"0.113"
"2009-04";"SONIA";"0.405"
"2009-04";"3M3";"1.45188"
"2009-04";"ESTR";
"2009-04";"EURIBOR";"1.365"
"2009-05";"SARON";"0.034996"
"2009-05";"1TGT";"0.05"
"2009-05";"EG3M";"0"
"2009-05";"SOFR";
"2009-05";"3M1";"0.65625"
"2009-05";"TONA";"0.099"
"2009-05";"SONIA";"0.4301"
"2009-05";"3M3";"1.27813"
"2009-05";"ESTR";
"2009-05";"EURIBOR";"1.269"
"2009-06";"SARON";"0.020048"
"2009-06";"1TGT";"0.05"
"2009-06";"EG3M";"0"
"2009-06";"SOFR";
"2009-06";"3M1";"0.595"
"2009-06";"TONA";"0.11"
"2009-06";"SONIA";"0.3711"
"2009-06";"3M3";"1.18625"
"2009-06";"ESTR";
"2009-06";"EURIBOR";"1.099"
"2009-07";"SARON";"0.016977"
"2009-07";"1TGT";"0.05"
"2009-07";"EG3M";"0"
"2009-07";"SOFR";
"2009-07";"3M1";"0.47938"
"2009-07";"TONA";"0.105"
"2009-07";"SONIA";"0.4178"
"2009-07";"3M3";"0.8875"
"2009-07";"ESTR";
"2009-07";"EURIBOR";"0.893"
"2009-08";"SARON";"0.018446"
"2009-08";"1TGT";"0.05"
"2009-08";"EG3M";"0"
"2009-08";"SOFR";
"2009-08";"3M1";"0.3475"
"2009-08";"TONA";"0.11"
"2009-08";"SONIA";"0.4352"
"2009-08";"3M3";"0.69"
"2009-08";"ESTR";
"2009-08";"EURIBOR";"0.821"
"2009-09";"SARON";"0.024256"
"2009-09";"1TGT";"0.05"
"2009-09";"EG3M";"0"
"2009-09";"SOFR";
"2009-09";"3M1";"0.28688"
"2009-09";"TONA";"0.103"
"2009-09";"SONIA";"0.4203"
"2009-09";"3M3";"0.54188"
"2009-09";"ESTR";
"2009-09";"EURIBOR";"0.753"
"2009-10";"SARON";"0.045043"
"2009-10";"1TGT";"0.05"
"2009-10";"EG3M";"0"
"2009-10";"SOFR";
"2009-10";"3M1";"0.28063"
"2009-10";"TONA";"0.112"
"2009-10";"SONIA";"0.4489"
"2009-10";"3M3";"0.59125"
"2009-10";"ESTR";
"2009-10";"EURIBOR";"0.72"
"2009-11";"SARON";"0.043573"
"2009-11";"1TGT";"0.05"
"2009-11";"EG3M";"0"
"2009-11";"SOFR";
"2009-11";"3M1";"0.25656"
"2009-11";"TONA";"0.113"
"2009-11";"SONIA";"0.4499"
"2009-11";"3M3";"0.61188"
"2009-11";"ESTR";
"2009-11";"EURIBOR";"0.719"
"2009-12";"SARON";"0.031984"
"2009-12";"1TGT";"0.05"
"2009-12";"EG3M";"0"
"2009-12";"SOFR";
"2009-12";"3M1";"0.25063"
"2009-12";"TONA";"0.094"
"2009-12";"SONIA";"0.4434"
"2009-12";"3M3";"0.605"
"2009-12";"ESTR";
"2009-12";"EURIBOR";"0.7"
"2010-01";"SARON";"0.027068"
"2010-01";"1TGT";"0.05"
"2010-01";"EG3M";"0"
"2010-01";"SOFR";
"2010-01";"3M1";"0.24906"
"2010-01";"TONA";"0.095"
"2010-01";"SONIA";"0.4679"
"2010-01";"3M3";"0.61625"
"2010-01";"ESTR";
"2010-01";"EURIBOR";"0.665"
"2010-02";"SARON";"0.037635"
"2010-02";"1TGT";"0.05"
"2010-02";"EG3M";"0"
"2010-02";"SOFR";
"2010-02";"3M1";"0.25169"
"2010-02";"TONA";"0.097"
"2010-02";"SONIA";"0.4708"
"2010-02";"3M3";"0.6425"
"2010-02";"ESTR";
"2010-02";"EURIBOR";"0.656"
"2010-03";"SARON";"0.052509"
"2010-03";"1TGT";"0.05"
"2010-03";"EG3M";"0"
"2010-03";"SOFR";
"2010-03";"3M1";"0.2915"
"2010-03";"TONA";"0.082"
"2010-03";"SONIA";"0.4707"
"2010-03";"3M3";"0.64719"
"2010-03";"ESTR";
"2010-03";"EURIBOR";"0.634"
"2010-04";"SARON";"0.027666"
"2010-04";"1TGT";"0.05"
"2010-04";"EG3M";"0"
"2010-04";"SOFR";
"2010-04";"3M1";"0.34656"
"2010-04";"TONA";"0.096"
"2010-04";"SONIA";"0.4769"
"2010-04";"3M3";"0.67719"
"2010-04";"ESTR";
"2010-04";"EURIBOR";"0.663"
"2010-05";"SARON";"0.016089"
"2010-05";"1TGT";"0.02"
"2010-05";"EG3M";"0"
"2010-05";"SOFR";
"2010-05";"3M1";"0.53625"
"2010-05";"TONA";"0.089"
"2010-05";"SONIA";"0.4833"
"2010-05";"3M3";"0.71063"
"2010-05";"ESTR";
"2010-05";"EURIBOR";"0.701"
"2010-06";"SARON";"0.059386"
"2010-06";"1TGT";"0.03"
"2010-06";"EG3M";"0"
"2010-06";"SOFR";
"2010-06";"3M1";"0.53394"
"2010-06";"TONA";"0.096"
"2010-06";"SONIA";"0.5005"
"2010-06";"3M3";"0.73031"
"2010-06";"ESTR";
"2010-06";"EURIBOR";"0.767"
"2010-07";"SARON";"0.079548"
"2010-07";"1TGT";"0.05"
"2010-07";"EG3M";"0"
"2010-07";"SOFR";
"2010-07";"3M1";"0.45375"
"2010-07";"TONA";"0.098"
"2010-07";"SONIA";"0.4916"
"2010-07";"3M3";"0.74516"
"2010-07";"ESTR";
"2010-07";"EURIBOR";"0.896"
"2010-08";"SARON";"0.318768"
"2010-08";"1TGT";"0.08"
"2010-08";"EG3M";"0.158"
"2010-08";"SOFR";
"2010-08";"3M1";"0.29563"
"2010-08";"TONA";"0.095"
"2010-08";"SONIA";"0.5007"
"2010-08";"3M3";"0.72547"
"2010-08";"ESTR";
"2010-08";"EURIBOR";"0.886"
"2010-09";"SARON";"0.093595"
"2010-09";"1TGT";"0.08"
"2010-09";"EG3M";"0.079"
"2010-09";"SOFR";
"2010-09";"3M1";"0.29"
"2010-09";"TONA";"0.113"
"2010-09";"SONIA";"0.5227"
"2010-09";"3M3";"0.73225"
"2010-09";"ESTR";
"2010-09";"EURIBOR";"0.892"
"2010-10";"SARON";"0.058606"
"2010-10";"1TGT";"0.05"
"2010-10";"EG3M";"0"
"2010-10";"SOFR";
"2010-10";"3M1";"0.28594"
"2010-10";"TONA";"0.093"
"2010-10";"SONIA";"0.5124"
"2010-10";"3M3";"0.741"
"2010-10";"ESTR";
"2010-10";"EURIBOR";"1.045"
"2010-11";"SARON";"0.15866"
"2010-11";"1TGT";"0.04"
"2010-11";"EG3M";"0.04"
"2010-11";"SOFR";
"2010-11";"3M1";"0.30031"
"2010-11";"TONA";"0.09"
"2010-11";"SONIA";"0.524"
"2010-11";"3M3";"0.73875"
"2010-11";"ESTR";
"2010-11";"EURIBOR";"1.028"
"2010-12";"SARON";"0.050282"
"2010-12";"1TGT";"0.04"
"2010-12";"EG3M";"0.04"
"2010-12";"SOFR";
"2010-12";"3M1";"0.30281"
"2010-12";"TONA";"0.079"
"2010-12";"SONIA";"0.5564"
"2010-12";"3M3";"0.7575"
"2010-12";"ESTR";
"2010-12";"EURIBOR";"1.006"
"2011-01";"SARON";"0.10152"
"2011-01";"1TGT";"0.04"
"2011-01";"EG3M";"0.079"
"2011-01";"SOFR";
"2011-01";"3M1";"0.30438"
"2011-01";"TONA";"0.087"
"2011-01";"SONIA";"0.5108"
"2011-01";"3M3";"0.77688"
"2011-01";"ESTR";
"2011-01";"EURIBOR";"1.074"
"2011-02";"SARON";"0.078858"
"2011-02";"1TGT";"0.04"
"2011-02";"EG3M";"0.079"
"2011-02";"SOFR";
"2011-02";"3M1";"0.3095"
"2011-02";"TONA";"0.091"
"2011-02";"SONIA";"0.5136"
"2011-02";"3M3";"0.8025"
"2011-02";"ESTR";
"2011-02";"EURIBOR";"1.094"
"2011-03";"SARON";"0.083753"
"2011-03";"1TGT";"0.04"
"2011-03";"EG3M";"0.079"
"2011-03";"SOFR";
"2011-03";"3M1";"0.303"
"2011-03";"TONA";"0.062"
"2011-03";"SONIA";"0.5396"
"2011-03";"3M3";"0.81813"
"2011-03";"ESTR";
"2011-03";"EURIBOR";"1.239"
"2011-04";"SARON";"0.030437"
"2011-04";"1TGT";"0.04"
"2011-04";"EG3M";"0.119"
"2011-04";"SOFR";
"2011-04";"3M1";"0.273"
"2011-04";"TONA";"0.064"
"2011-04";"SONIA";"0.5572"
"2011-04";"3M3";"0.82188"
"2011-04";"ESTR";
"2011-04";"EURIBOR";"1.385"
"2011-05";"SARON";"0.02816"
"2011-05";"1TGT";"0.09"
"2011-05";"EG3M";"0.08"
"2011-05";"SOFR";
"2011-05";"3M1";"0.25288"
"2011-05";"TONA";"0.067"
"2011-05";"SONIA";"0.5418"
"2011-05";"3M3";"0.82625"
"2011-05";"ESTR";
"2011-05";"EURIBOR";"1.433"
"2011-06";"SARON";"0.07111"
"2011-06";"1TGT";"0.09"
"2011-06";"EG3M";"0.079"
"2011-06";"SOFR";
"2011-06";"3M1";"0.24575"
"2011-06";"TONA";"0.067"
"2011-06";"SONIA";"0.7368"
"2011-06";"3M3";"0.82563"
"2011-06";"ESTR";
"2011-06";"EURIBOR";"1.547"
"2011-07";"SARON";"0.05025"
"2011-07";"1TGT";"0.05"
"2011-07";"EG3M";"0"
"2011-07";"SOFR";
"2011-07";"3M1";"0.2555"
"2011-07";"TONA";"0.078"
"2011-07";"SONIA";"0.5562"
"2011-07";"3M3";"0.83281"
"2011-07";"ESTR";
"2011-07";"EURIBOR";"1.609"
"2011-08";"SARON";"-0.009758"
"2011-08";"1TGT";"-0.29"
"2011-08";"EG3M";"-0.75"
"2011-08";"SOFR";
"2011-08";"3M1";"0.32722"
"2011-08";"TONA";"0.075"
"2011-08";"SONIA";"0.567"
"2011-08";"3M3";"0.88625"
"2011-08";"ESTR";
"2011-08";"EURIBOR";"1.542"
"2011-09";"SARON";"0.008339"
"2011-09";"1TGT";"0.02"
"2011-09";"EG3M";"-0.652"
"2011-09";"SOFR";
"2011-09";"3M1";"0.37433"
"2011-09";"TONA";"0.075"
"2011-09";"SONIA";"0.6487"
"2011-09";"3M3";"0.9525"
"2011-09";"ESTR";
"2011-09";"EURIBOR";"1.554"
"2011-10";"SARON";"0.002873"
"2011-10";"1TGT";"0.05"
"2011-10";"EG3M";"-0.051"
"2011-10";"SOFR";
"2011-10";"3M1";"0.42944"
"2011-10";"TONA";"0.081"
"2011-10";"SONIA";"0.527"
"2011-10";"3M3";"0.98669"
"2011-10";"ESTR";
"2011-10";"EURIBOR";"1.591"
"2011-11";"SARON";"0.02014"
"2011-11";"1TGT";"0.05"
"2011-11";"EG3M";"-0.316"
"2011-11";"SOFR";
"2011-11";"3M1";"0.52889"
"2011-11";"TONA";"0.081"
"2011-11";"SONIA";"0.5327"
"2011-11";"3M3";"1.03825"
"2011-11";"ESTR";
"2011-11";"EURIBOR";"1.473"
"2011-12";"SARON";"0.018136"
"2011-12";"1TGT";"0.07"
"2011-12";"EG3M";"-0.47"
"2011-12";"SOFR";
"2011-12";"3M1";"0.581"
"2011-12";"TONA";"0.075"
"2011-12";"SONIA";"0.4578"
"2011-12";"3M3";"1.08006"
"2011-12";"ESTR";
"2011-12";"EURIBOR";"1.356"
"2012-01";"SARON";"-0.012948"
"2012-01";"1TGT";"0.01"
"2012-01";"EG3M";"-0.051"
"2012-01";"SOFR";
"2012-01";"3M1";"0.54235"
"2012-01";"TONA";"0.075"
"2012-01";"SONIA";"0.51"
"2012-01";"3M3";"1.083"
"2012-01";"ESTR";
"2012-01";"EURIBOR";"1.125"
"2012-02";"SARON";"-0.001064"
"2012-02";"1TGT";"0.03"
"2012-02";"EG3M";"-0.099"
"2012-02";"SOFR";
"2012-02";"3M1";"0.48425"
"2012-02";"TONA";"0.081"
"2012-02";"SONIA";"0.5047"
"2012-02";"3M3";"1.05963"
"2012-02";"ESTR";
"2012-02";"EURIBOR";"0.983"
"2012-03";"SARON";"0.007232"
"2012-03";"1TGT";"0.05"
"2012-03";"EG3M";"-0.099"
"2012-03";"SOFR";
"2012-03";"3M1";"0.46815"
"2012-03";"TONA";"0.076"
"2012-03";"SONIA";"0.4775"
"2012-03";"3M3";"1.02688"
"2012-03";"ESTR";
"2012-03";"EURIBOR";"0.777"
"2012-04";"SARON";"-0.017135"
"2012-04";"1TGT";"0.02"
"2012-04";"EG3M";"-0.158"
"2012-04";"SOFR";
"2012-04";"3M1";"0.46585"
"2012-04";"TONA";"0.08"
"2012-04";"SONIA";"0.4785"
"2012-04";"3M3";"1.0125"
"2012-04";"ESTR";
"2012-04";"EURIBOR";"0.708"
"2012-05";"SARON";"0.016374"
"2012-05";"1TGT";"0"
"2012-05";"EG3M";"-0.62"
"2012-05";"SOFR";
"2012-05";"3M1";"0.46685"
"2012-05";"TONA";"0.095"
"2012-05";"SONIA";"0.4939"
"2012-05";"3M3";"0.99313"
"2012-05";"ESTR";
"2012-05";"EURIBOR";"0.668"
"2012-06";"SARON";"0.027838"
"2012-06";"1TGT";"0"
"2012-06";"EG3M";"-0.849"
"2012-06";"SOFR";
"2012-06";"3M1";"0.4606"
"2012-06";"TONA";"0.076"
"2012-06";"SONIA";"0.4586"
"2012-06";"3M3";"0.895"
"2012-06";"ESTR";
"2012-06";"EURIBOR";"0.653"
"2012-07";"SARON";"-0.057817"
"2012-07";"1TGT";"0"
"2012-07";"EG3M";"-0.616"
"2012-07";"SOFR";
"2012-07";"3M1";"0.4426"
"2012-07";"TONA";"0.09"
"2012-07";"SONIA";"0.4553"
"2012-07";"3M3";"0.74375"
"2012-07";"ESTR";
"2012-07";"EURIBOR";"0.389"
"2012-08";"SARON";"-0.023866"
"2012-08";"1TGT";"-0.05"
"2012-08";"EG3M";"-0.352"
"2012-08";"SOFR";
"2012-08";"3M1";"0.41825"
"2012-08";"TONA";"0.093"
"2012-08";"SONIA";"0.4298"
"2012-08";"3M3";"0.68125"
"2012-08";"ESTR";
"2012-08";"EURIBOR";"0.278"
"2012-09";"SARON";"0.022813"
"2012-09";"1TGT";"0.01"
"2012-09";"EG3M";"-0.221"
"2012-09";"SOFR";
"2012-09";"3M1";"0.3585"
"2012-09";"TONA";"0.078"
"2012-09";"SONIA";"0.3938"
"2012-09";"3M3";"0.59688"
"2012-09";"ESTR";
"2012-09";"EURIBOR";"0.22"
"2012-10";"SARON";"-0.027541"
"2012-10";"1TGT";"0.01"
"2012-10";"EG3M";"-0.221"
"2012-10";"SOFR";
"2012-10";"3M1";"0.31275"
"2012-10";"TONA";"0.089"
"2012-10";"SONIA";"0.4088"
"2012-10";"3M3";"0.5275"
"2012-10";"ESTR";
"2012-10";"EURIBOR";"0.197"
"2012-11";"SARON";"0.04"
"2012-11";"1TGT";"-0.05"
"2012-11";"EG3M";"-0.198"
"2012-11";"SOFR";
"2012-11";"3M1";"0.3105"
"2012-11";"TONA";"0.091"
"2012-11";"SONIA";"0.4327"
"2012-11";"3M3";"0.5225"
"2012-11";"ESTR";
"2012-11";"EURIBOR";"0.191"
"2012-12";"SARON";"0.032766"
"2012-12";"1TGT";"-0.2"
"2012-12";"EG3M";"-0.217"
"2012-12";"SOFR";
"2012-12";"3M1";"0.306"
"2012-12";"TONA";"0.076"
"2012-12";"SONIA";"0.4275"
"2012-12";"3M3";"0.515"
"2012-12";"ESTR";
"2012-12";"EURIBOR";"0.187"
"2013-01";"SARON";"-0.028182"
"2013-01";"1TGT";"-0.15"
"2013-01";"EG3M";"-0.087"
"2013-01";"SOFR";
"2013-01";"3M1";"0.298"
"2013-01";"TONA";"0.082"
"2013-01";"SONIA";"0.4082"
"2013-01";"3M3";"0.51125"
"2013-01";"ESTR";
"2013-01";"EURIBOR";"0.232"
"2013-02";"SARON";"-0.035067"
"2013-02";"1TGT";"-0.2"
"2013-02";"EG3M";"-0.103"
"2013-02";"SOFR";
"2013-02";"3M1";"0.2871"
"2013-02";"TONA";"0.083"
"2013-02";"SONIA";"0.4339"
"2013-02";"3M3";"0.50813"
"2013-02";"ESTR";
"2013-02";"EURIBOR";"0.209"
"2013-03";"SARON";"-0.017292"
"2013-03";"1TGT";"-0.1"
"2013-03";"EG3M";"-0.123"
"2013-03";"SOFR";
"2013-03";"3M1";"0.2826"
"2013-03";"TONA";"0.058"
"2013-03";"SONIA";"0.4203"
"2013-03";"3M3";"0.50688"
"2013-03";"ESTR";
"2013-03";"EURIBOR";"0.211"
"2013-04";"SARON";"-0.008163"
"2013-04";"1TGT";"0.06"
"2013-04";"EG3M";"-0.125"
"2013-04";"SOFR";
"2013-04";"3M1";"0.2731"
"2013-04";"TONA";"0.071"
"2013-04";"SONIA";"0.4337"
"2013-04";"3M3";"0.50438"
"2013-04";"ESTR";
"2013-04";"EURIBOR";"0.207"
"2013-05";"SARON";"-0.024285"
"2013-05";"1TGT";"-0.03"
"2013-05";"EG3M";"-0.123"
"2013-05";"SOFR";
"2013-05";"3M1";"0.27525"
"2013-05";"TONA";"0.073"
"2013-05";"SONIA";"0.4204"
"2013-05";"3M3";"0.50563"
"2013-05";"ESTR";
"2013-05";"EURIBOR";"0.2"
"2013-06";"SARON";"0.004224"
"2013-06";"1TGT";"-0.03"
"2013-06";"EG3M";"-0.134"
"2013-06";"SOFR";
"2013-06";"3M1";"0.2731"
"2013-06";"TONA";"0.07"
"2013-06";"SONIA";"0.3919"
"2013-06";"3M3";"0.51038"
"2013-06";"ESTR";
"2013-06";"EURIBOR";"0.218"
"2013-07";"SARON";"-0.005746"
"2013-07";"1TGT";"0.01"
"2013-07";"EG3M";"-0.096"
"2013-07";"SOFR";
"2013-07";"3M1";"0.2656"
"2013-07";"TONA";"0.073"
"2013-07";"SONIA";"0.4299"
"2013-07";"3M3";"0.50856"
"2013-07";"ESTR";
"2013-07";"EURIBOR";"0.228"
"2013-08";"SARON";"0.010574"
"2013-08";"1TGT";"-0.2"
"2013-08";"EG3M";"-0.044"
"2013-08";"SOFR";
"2013-08";"3M1";"0.2595"
"2013-08";"TONA";"0.072"
"2013-08";"SONIA";"0.3979"
"2013-08";"3M3";"0.515"
"2013-08";"ESTR";
"2013-08";"EURIBOR";"0.224"
"2013-09";"SARON";"-0.001193"
"2013-09";"1TGT";"-0.05"
"2013-09";"EG3M";"-0.082"
"2013-09";"SOFR";
"2013-09";"3M1";"0.24885"
"2013-09";"TONA";"0.062"
"2013-09";"SONIA";"0.411"
"2013-09";"3M3";"0.5175"
"2013-09";"ESTR";
"2013-09";"EURIBOR";"0.225"
"2013-10";"SARON";"-0.016479"
"2013-10";"1TGT";"-0.15"
"2013-10";"EG3M";"-0.095"
"2013-10";"SOFR";
"2013-10";"3M1";"0.242"
"2013-10";"TONA";"0.072"
"2013-10";"SONIA";"0.4184"
"2013-10";"3M3";"0.51375"
"2013-10";"ESTR";
"2013-10";"EURIBOR";"0.23"
"2013-11";"SARON";"-0.033343"
"2013-11";"1TGT";"-0.08"
"2013-11";"EG3M";"-0.103"
"2013-11";"SOFR";
"2013-11";"3M1";"0.2391"
"2013-11";"TONA";"0.071"
"2013-11";"SONIA";"0.4188"
"2013-11";"3M3";"0.52219"
"2013-11";"ESTR";
"2013-11";"EURIBOR";"0.234"
"2013-12";"SARON";"0.089315"
"2013-12";"1TGT";"0.01"
"2013-12";"EG3M";"-0.08"
"2013-12";"SOFR";
"2013-12";"3M1";"0.2461"
"2013-12";"TONA";"0.068"
"2013-12";"SONIA";"0.3057"
"2013-12";"3M3";"0.52531"
"2013-12";"ESTR";
"2013-12";"EURIBOR";"0.287"
"2014-01";"SARON";"-0.015391"
"2014-01";"1TGT";"-0.12"
"2014-01";"EG3M";"-0.09"
"2014-01";"SOFR";
"2014-01";"3M1";"0.2366"
"2014-01";"TONA";"0.071"
"2014-01";"SONIA";"0.4104"
"2014-01";"3M3";"0.52125"
"2014-01";"ESTR";
"2014-01";"EURIBOR";"0.296"
"2014-02";"SARON";"-0.02602"
"2014-02";"1TGT";"-0.15"
"2014-02";"EG3M";"-0.102"
"2014-02";"SOFR";
"2014-02";"3M1";"0.23565"
"2014-02";"TONA";"0.072"
"2014-02";"SONIA";"0.3904"
"2014-02";"3M3";"0.52188"
"2014-02";"ESTR";
"2014-02";"EURIBOR";"0.286"
"2014-03";"SARON";"-0.000316"
"2014-03";"1TGT";"-0.15"
"2014-03";"EG3M";"-0.103"
"2014-03";"SOFR";
"2014-03";"3M1";"0.2306"
"2014-03";"TONA";"0.044"
"2014-03";"SONIA";"0.3342"
"2014-03";"3M3";"0.52219"
"2014-03";"ESTR";
"2014-03";"EURIBOR";"0.313"
"2014-04";"SARON";"-0.038873"
"2014-04";"1TGT";"-0.15"
"2014-04";"EG3M";"-0.092"
"2014-04";"SOFR";
"2014-04";"3M1";"0.22335"
"2014-04";"TONA";"0.065"
"2014-04";"SONIA";"0.3984"
"2014-04";"3M3";"0.52706"
"2014-04";"ESTR";
"2014-04";"EURIBOR";"0.339"
"2014-05";"SARON";"-0.022355"
"2014-05";"1TGT";"-0.16"
"2014-05";"EG3M";"-0.108"
"2014-05";"SOFR";
"2014-05";"3M1";"0.2274"
"2014-05";"TONA";"0.069"
"2014-05";"SONIA";"0.4169"
"2014-05";"3M3";"0.53063"
"2014-05";"ESTR";
"2014-05";"EURIBOR";"0.311"
"2014-06";"SARON";"-0.036625"
"2014-06";"1TGT";"-0.15"
"2014-06";"EG3M";"-0.134"
"2014-06";"SOFR";
"2014-06";"3M1";"0.2307"
"2014-06";"TONA";"0.058"
"2014-06";"SONIA";"0.3807"
"2014-06";"3M3";"0.5525"
"2014-06";"ESTR";
"2014-06";"EURIBOR";"0.207"
"2014-07";"SARON";"-0.034751"
"2014-07";"1TGT";"-0.15"
"2014-07";"EG3M";"-0.127"
"2014-07";"SOFR";
"2014-07";"3M1";"0.2391"
"2014-07";"TONA";"0.065"
"2014-07";"SONIA";"0.4045"
"2014-07";"3M3";"0.55963"
"2014-07";"ESTR";
"2014-07";"EURIBOR";"0.209"
"2014-08";"SARON";"0.006218"
"2014-08";"1TGT";"-0.1"
"2014-08";"EG3M";"-0.04"
"2014-08";"SOFR";
"2014-08";"3M1";"0.2336"
"2014-08";"TONA";"0.07"
"2014-08";"SONIA";"0.4005"
"2014-08";"3M3";"0.55963"
"2014-08";"ESTR";
"2014-08";"EURIBOR";"0.163"
"2014-09";"SARON";"0.01231"
"2014-09";"1TGT";"-0.1"
"2014-09";"EG3M";"-0.099"
"2014-09";"SOFR";
"2014-09";"3M1";"0.2351"
"2014-09";"TONA";"0.029"
"2014-09";"SONIA";"0.4027"
"2014-09";"3M3";"0.56525"
"2014-09";"ESTR";
"2014-09";"EURIBOR";"0.083"
"2014-10";"SARON";"-0.034484"
"2014-10";"1TGT";"-0.1"
"2014-10";"EG3M";"-0.107"
"2014-10";"SOFR";
"2014-10";"3M1";"0.2321"
"2014-10";"TONA";"0.06"
"2014-10";"SONIA";"0.4227"
"2014-10";"3M3";"0.55338"
"2014-10";"ESTR";
"2014-10";"EURIBOR";"0.086"
"2014-11";"SARON";"-0.015032"
"2014-11";"1TGT";"-0.1"
"2014-11";"EG3M";"-0.158"
"2014-11";"SOFR";
"2014-11";"3M1";"0.2336"
"2014-11";"TONA";"0.067"
"2014-11";"SONIA";"0.4225"
"2014-11";"3M3";"0.55275"
"2014-11";"ESTR";
"2014-11";"EURIBOR";"0.082"
"2014-12";"SARON";"0.003368"
"2014-12";"1TGT";"-2"
"2014-12";"EG3M";"-0.356"
"2014-12";"SOFR";
"2014-12";"3M1";"0.2556"
"2014-12";"TONA";"0.066"
"2014-12";"SONIA";"0.3565"
"2014-12";"3M3";"0.564"
"2014-12";"ESTR";
"2014-12";"EURIBOR";"0.078"
"2015-01";"SARON";"-0.678498"
"2015-01";"1TGT";"-1.75"
"2015-01";"EG3M";"-1.101"
"2015-01";"SOFR";
"2015-01";"3M1";"0.2531"
"2015-01";"TONA";"0.071"
"2015-01";"SONIA";"0.4195"
"2015-01";"3M3";"0.56338"
"2015-01";"ESTR";
"2015-01";"EURIBOR";"0.054"
"2015-02";"SARON";"-0.7561"
"2015-02";"1TGT";"-1"
"2015-02";"EG3M";"-1.101"
"2015-02";"SOFR";
"2015-02";"3M1";"0.26185"
"2015-02";"TONA";"0.074"
"2015-02";"SONIA";"0.4442"
"2015-02";"3M3";"0.56369"
"2015-02";"ESTR";
"2015-02";"EURIBOR";"0.039"
"2015-03";"SARON";"-0.730568"
"2015-03";"1TGT";"-1.5"
"2015-03";"EG3M";"-1.042"
"2015-03";"SOFR";
"2015-03";"3M1";"0.27075"
"2015-03";"TONA";"0.015"
"2015-03";"SONIA";"0.4217"
"2015-03";"3M3";"0.56963"
"2015-03";"ESTR";
"2015-03";"EURIBOR";"0.019"
"2015-04";"SARON";"-0.722648"
"2015-04";"1TGT";"-1"
"2015-04";"EG3M";"-1.152"
"2015-04";"SOFR";
"2015-04";"3M1";"0.27875"
"2015-04";"TONA";"0.063"
"2015-04";"SONIA";"0.4529"
"2015-04";"3M3";"0.56875"
"2015-04";"ESTR";
"2015-04";"EURIBOR";"-0.005"
"2015-05";"SARON";"-0.726401"
"2015-05";"1TGT";"-1.25"
"2015-05";"EG3M";"-1.101"
"2015-05";"SOFR";
"2015-05";"3M1";"0.28375"
"2015-05";"TONA";"0.073"
"2015-05";"SONIA";"0.4506"
"2015-05";"3M3";"0.56719"
"2015-05";"ESTR";
"2015-05";"EURIBOR";"-0.012"
"2015-06";"SARON";"-0.727129"
"2015-06";"1TGT";"-1.15"
"2015-06";"EG3M";"-1.05"
"2015-06";"SOFR";
"2015-06";"3M1";"0.2832"
"2015-06";"TONA";"0.011"
"2015-06";"SONIA";"0.3947"
"2015-06";"3M3";"0.5785"
"2015-06";"ESTR";
"2015-06";"EURIBOR";"-0.014"
"2015-07";"SARON";"-0.738677"
"2015-07";"1TGT";"-1"
"2015-07";"EG3M";"-0.908"
"2015-07";"SOFR";
"2015-07";"3M1";"0.3086"
"2015-07";"TONA";"0.064"
"2015-07";"SONIA";"0.4481"
"2015-07";"3M3";"0.58156"
"2015-07";"ESTR";
"2015-07";"EURIBOR";"-0.023"
"2015-08";"SARON";"-0.724588"
"2015-08";"1TGT";"-1.25"
"2015-08";"EG3M";"-0.908"
"2015-08";"SOFR";
"2015-08";"3M1";"0.329"
"2015-08";"TONA";"0.071"
"2015-08";"SONIA";"0.4526"
"2015-08";"3M3";"0.58688"
"2015-08";"ESTR";
"2015-08";"EURIBOR";"-0.033"
"2015-09";"SARON";"-0.719895"
"2015-09";"1TGT";"-1"
"2015-09";"EG3M";"-0.841"
"2015-09";"SOFR";
"2015-09";"3M1";"0.325"
"2015-09";"TONA";"0.01"
"2015-09";"SONIA";"0.3518"
"2015-09";"3M3";"0.58313"
"2015-09";"ESTR";
"2015-09";"EURIBOR";"-0.04"
"2015-10";"SARON";"-0.724732"
"2015-10";"1TGT";"-0.9"
"2015-10";"EG3M";"-0.951"
"2015-10";"SOFR";
"2015-10";"3M1";"0.3341"
"2015-10";"TONA";"0.074"
"2015-10";"SONIA";"0.4482"
"2015-10";"3M3";"0.58"
"2015-10";"ESTR";
"2015-10";"EURIBOR";"-0.068"
"2015-11";"SARON";"-0.72187"
"2015-11";"1TGT";"-1.1"
"2015-11";"EG3M";"-1.27"
"2015-11";"SOFR";
"2015-11";"3M1";"0.4162"
"2015-11";"TONA";"0.076"
"2015-11";"SONIA";"0.4539"
"2015-11";"3M3";"0.57075"
"2015-11";"ESTR";
"2015-11";"EURIBOR";"-0.114"
"2015-12";"SARON";"-0.721086"
"2015-12";"1TGT";"-1"
"2015-12";"EG3M";"-0.924"
"2015-12";"SOFR";
"2015-12";"3M1";"0.6127"
"2015-12";"TONA";"0.038"
"2015-12";"SONIA";"0.3475"
"2015-12";"3M3";"0.59038"
"2015-12";"ESTR";
"2015-12";"EURIBOR";"-0.131"
"2016-01";"SARON";"-0.723007"
"2016-01";"1TGT";"-1"
"2016-01";"EG3M";"-0.841"
"2016-01";"SOFR";
"2016-01";"3M1";"0.6126"
"2016-01";"TONA";"0.066"
"2016-01";"SONIA";"0.4517"
"2016-01";"3M3";"0.58938"
"2016-01";"ESTR";
"2016-01";"EURIBOR";"-0.162"
"2016-02";"SARON";"-0.733788"
"2016-02";"1TGT";"-0.85"
"2016-02";"EG3M";"-0.892"
"2016-02";"SOFR";
"2016-02";"3M1";"0.6331"
"2016-02";"TONA";"-0.001"
"2016-02";"SONIA";"0.4545"
"2016-02";"3M3";"0.59125"
"2016-02";"ESTR";
"2016-02";"EURIBOR";"-0.205"
"2016-03";"SARON";"-0.737954"
"2016-03";"1TGT";"-1.1"
"2016-03";"EG3M";"-0.849"
"2016-03";"SOFR";
"2016-03";"3M1";"0.6286"
"2016-03";"TONA";"-0.002"
"2016-03";"SONIA";"0.4128"
"2016-03";"3M3";"0.58813"
"2016-03";"ESTR";
"2016-03";"EURIBOR";"-0.244"
"2016-04";"SARON";"-0.726368"
"2016-04";"1TGT";"-1"
"2016-04";"EG3M";"-0.924"
"2016-04";"SOFR";
"2016-04";"3M1";"0.6366"
"2016-04";"TONA";"-0.056"
"2016-04";"SONIA";"0.4584"
"2016-04";"3M3";"0.59056"
"2016-04";"ESTR";
"2016-04";"EURIBOR";"-0.251"
"2016-05";"SARON";"-0.729792"
"2016-05";"1TGT";"-1.25"
"2016-05";"EG3M";"-0.951"
"2016-05";"SOFR";
"2016-05";"3M1";"0.6858"
"2016-05";"TONA";"-0.054"
"2016-05";"SONIA";"0.4542"
"2016-05";"3M3";"0.58819"
"2016-05";"ESTR";
"2016-05";"EURIBOR";"-0.261"
"2016-06";"SARON";"-0.765593"
"2016-06";"1TGT";"-1.75"
"2016-06";"EG3M";"-1.101"
"2016-06";"SOFR";
"2016-06";"3M1";"0.6541"
"2016-06";"TONA";"-0.064"
"2016-06";"SONIA";"0.4416"
"2016-06";"3M3";"0.55838"
"2016-06";"ESTR";
"2016-06";"EURIBOR";"-0.286"
"2016-07";"SARON";"-0.745432"
"2016-07";"1TGT";"-1"
"2016-07";"EG3M";"-1.101"
"2016-07";"SOFR";
"2016-07";"3M1";"0.7591"
"2016-07";"TONA";"-0.046"
"2016-07";"SONIA";"0.4534"
"2016-07";"3M3";"0.49388"
"2016-07";"ESTR";
"2016-07";"EURIBOR";"-0.297"
"2016-08";"SARON";"-0.731087"
"2016-08";"1TGT";"-3.65"
"2016-08";"EG3M";"-1.12"
"2016-08";"SOFR";
"2016-08";"3M1";"0.83933"
"2016-08";"TONA";"-0.048"
"2016-08";"SONIA";"0.2018"
"2016-08";"3M3";"0.3875"
"2016-08";"ESTR";
"2016-08";"EURIBOR";"-0.299"
"2016-09";"SARON";"-0.744965"
"2016-09";"1TGT";"-0.95"
"2016-09";"EG3M";"-1.05"
"2016-09";"SOFR";
"2016-09";"3M1";"0.85367"
"2016-09";"TONA";"-0.06"
"2016-09";"SONIA";"0.1624"
"2016-09";"3M3";"0.38275"
"2016-09";"ESTR";
"2016-09";"EURIBOR";"-0.301"
"2016-10";"SARON";"-0.729412"
"2016-10";"1TGT";"-0.85"
"2016-10";"EG3M";"-1.116"
"2016-10";"SOFR";
"2016-10";"3M1";"0.88428"
"2016-10";"TONA";"-0.047"
"2016-10";"SONIA";"0.1999"
"2016-10";"3M3";"0.40375"
"2016-10";"ESTR";
"2016-10";"EURIBOR";"-0.313"
"2016-11";"SARON";"-0.728146"
"2016-11";"1TGT";"-0.9"
"2016-11";"EG3M";"-1.05"
"2016-11";"SOFR";
"2016-11";"3M1";"0.93417"
"2016-11";"TONA";"-0.054"
"2016-11";"SONIA";"0.2024"
"2016-11";"3M3";"0.38463"
"2016-11";"ESTR";
"2016-11";"EURIBOR";"-0.314"
"2016-12";"SARON";"-0.731921"
"2016-12";"1TGT";"-0.9"
"2016-12";"EG3M";"-0.912"
"2016-12";"SOFR";
"2016-12";"3M1";"0.99789"
"2016-12";"TONA";"-0.058"
"2016-12";"SONIA";"0.1618"
"2016-12";"3M3";"0.36663"
"2016-12";"ESTR";
"2016-12";"EURIBOR";"-0.319"
"2017-01";"SARON";"-0.732656"
"2017-01";"1TGT";"-0.9"
"2017-01";"EG3M";"-0.88"
"2017-01";"SOFR";
"2017-01";"3M1";"1.03456"
"2017-01";"TONA";"-0.058"
"2017-01";"SONIA";"0.2078"
"2017-01";"3M3";"0.35588"
"2017-01";"ESTR";
"2017-01";"EURIBOR";"-0.327"
"2017-02";"SARON";"-0.72986"
"2017-02";"1TGT";"-0.95"
"2017-02";"EG3M";"-0.892"
"2017-02";"SOFR";
"2017-02";"3M1";"1.064"
"2017-02";"TONA";"-0.048"
"2017-02";"SONIA";"0.203"
"2017-02";"3M3";"0.3565"
"2017-02";"ESTR";
"2017-02";"EURIBOR";"-0.33"
"2017-03";"SARON";"-0.737014"
"2017-03";"1TGT";"-0.95"
"2017-03";"EG3M";"-0.912"
"2017-03";"SOFR";
"2017-03";"3M1";"1.14956"
"2017-03";"TONA";"-0.06"
"2017-03";"SONIA";"0.174"
"2017-03";"3M3";"0.33744"
"2017-03";"ESTR";
"2017-03";"EURIBOR";"-0.329"
"2017-04";"SARON";"-0.738899"
"2017-04";"1TGT";"-0.9"
"2017-04";"EG3M";"-0.943"
"2017-04";"SOFR";
"2017-04";"3M1";"1.17233"
"2017-04";"TONA";"-0.074"
"2017-04";"SONIA";"0.2108"
"2017-04";"3M3";"0.32525"
"2017-04";"ESTR";
"2017-04";"EURIBOR";"-0.329"
"2017-05";"SARON";"-0.734836"
"2017-05";"1TGT";"-0.95"
"2017-05";"EG3M";"-0.9"
"2017-05";"SOFR";
"2017-05";"3M1";"1.21"
"2017-05";"TONA";"-0.065"
"2017-05";"SONIA";"0.2087"
"2017-05";"3M3";"0.29381"
"2017-05";"ESTR";
"2017-05";"EURIBOR";"-0.329"
"2017-06";"SARON";"-0.734155"
"2017-06";"1TGT";"-1.18"
"2017-06";"EG3M";"-0.939"
"2017-06";"SOFR";
"2017-06";"3M1";"1.29917"
"2017-06";"TONA";"-0.069"
"2017-06";"SONIA";"0.194"
"2017-06";"3M3";"0.30669"
"2017-06";"ESTR";
"2017-06";"EURIBOR";"-0.331"
"2017-07";"SARON";"-0.732636"
"2017-07";"1TGT";"-0.9"
"2017-07";"EG3M";"-0.9"
"2017-07";"SOFR";
"2017-07";"3M1";"1.31056"
"2017-07";"TONA";"-0.064"
"2017-07";"SONIA";"0.2034"
"2017-07";"3M3";"0.28613"
"2017-07";"ESTR";
"2017-07";"EURIBOR";"-0.33"
"2017-08";"SARON";"-0.732305"
"2017-08";"1TGT";"-1.15"
"2017-08";"EG3M";"-0.916"
"2017-08";"SOFR";
"2017-08";"3M1";"1.31778"
"2017-08";"TONA";"-0.066"
"2017-08";"SONIA";"0.2109"
"2017-08";"3M3";"0.27744"
"2017-08";"ESTR";
"2017-08";"EURIBOR";"-0.329"
"2017-09";"SARON";"-0.742996"
"2017-09";"1TGT";"-0.9"
"2017-09";"EG3M";"-0.92"
"2017-09";"SOFR";
"2017-09";"3M1";"1.33389"
"2017-09";"TONA";"-0.063"
"2017-09";"SONIA";"0.1991"
"2017-09";"3M3";"0.335"
"2017-09";"ESTR";
"2017-09";"EURIBOR";"-0.329"
"2017-10";"SARON";"-0.737404"
"2017-10";"1TGT";"-0.97"
"2017-10";"EG3M";"-0.967"
"2017-10";"SOFR";
"2017-10";"3M1";"1.38122"
"2017-10";"TONA";"-0.046"
"2017-10";"SONIA";"0.2096"
"2017-10";"3M3";"0.4396"
"2017-10";"ESTR";
"2017-10";"EURIBOR";"-0.331"
"2017-11";"SARON";"-0.736376"
"2017-11";"1TGT";"-1"
"2017-11";"EG3M";"-1.01"
"2017-11";"SOFR";
"2017-11";"3M1";"1.48738"
"2017-11";"TONA";"-0.055"
"2017-11";"SONIA";"0.4623"
"2017-11";"3M3";"0.52138"
"2017-11";"ESTR";
"2017-11";"EURIBOR";"-0.329"
"2017-12";"SARON";"-0.746149"
"2017-12";"1TGT";"-1"
"2017-12";"EG3M";"-1.05"
"2017-12";"SOFR";
"2017-12";"3M1";"1.69428"
"2017-12";"TONA";"-0.062"
"2017-12";"SONIA";"0.4123"
"2017-12";"3M3";"0.52106"
"2017-12";"ESTR";
"2017-12";"EURIBOR";"-0.329"
"2018-01";"SARON";"-0.740278"
"2018-01";"1TGT";"-1"
"2018-01";"EG3M";"-0.884"
"2018-01";"SOFR";
"2018-01";"3M1";"1.77777"
"2018-01";"TONA";"-0.05"
"2018-01";"SONIA";"0.4668"
"2018-01";"3M3";"0.52231"
"2018-01";"ESTR";
"2018-01";"EURIBOR";"-0.328"
"2018-02";"SARON";"-0.759249"
"2018-02";"1TGT";"-0.95"
"2018-02";"EG3M";"-0.892"
"2018-02";"SOFR";
"2018-02";"3M1";"2.01719"
"2018-02";"TONA";"-0.053"
"2018-02";"SONIA";"0.4612"
"2018-02";"3M3";"0.58163"
"2018-02";"ESTR";
"2018-02";"EURIBOR";"-0.327"
"2018-03";"SARON";"-0.73834"
"2018-03";"1TGT";"-1"
"2018-03";"EG3M";"-0.92"
"2018-03";"SOFR";
"2018-03";"3M1";"2.31175"
"2018-03";"TONA";"-0.068"
"2018-03";"SONIA";"0.4435"
"2018-03";"3M3";"0.7118"
"2018-03";"ESTR";
"2018-03";"EURIBOR";"-0.328"
"2018-04";"SARON";"-0.729806"
"2018-04";"1TGT";"-0.98"
"2018-04";"EG3M";"-0.849"
"2018-04";"SOFR";"1.77"
"2018-04";"3M1";"2.36294"
"2018-04";"TONA";"-0.067"
"2018-04";"SONIA";"0.4507"
"2018-04";"3M3";"0.71034"
"2018-04";"ESTR";
"2018-04";"EURIBOR";"-0.329"
"2018-05";"SARON";"-0.728226"
"2018-05";"1TGT";"-0.95"
"2018-05";"EG3M";"-0.853"
"2018-05";"SOFR";"1.81"
"2018-05";"3M1";"2.32125"
"2018-05";"TONA";"-0.065"
"2018-05";"SONIA";"0.4503"
"2018-05";"3M3";"0.61149"
"2018-05";"ESTR";
"2018-05";"EURIBOR";"-0.321"
"2018-06";"SARON";"-0.730086"
"2018-06";"1TGT";"-0.9"
"2018-06";"EG3M";"-0.864"
"2018-06";"SOFR";"2.12"
"2018-06";"3M1";"2.33575"
"2018-06";"TONA";"-0.069"
"2018-06";"SONIA";"0.4399"
"2018-06";"3M3";"0.67413"
"2018-06";"ESTR";
"2018-06";"EURIBOR";"-0.321"
"2018-07";"SARON";"-0.730823"
"2018-07";"1TGT";"-0.95"
"2018-07";"EG3M";"-0.854"
"2018-07";"SOFR";"1.93"
"2018-07";"3M1";"2.34856"
"2018-07";"TONA";"-0.065"
"2018-07";"SONIA";"0.4503"
"2018-07";"3M3";"0.79825"
"2018-07";"ESTR";
"2018-07";"EURIBOR";"-0.319"
"2018-08";"SARON";"-0.731997"
"2018-08";"1TGT";"-0.9"
"2018-08";"EG3M";"-0.849"
"2018-08";"SOFR";"1.97"
"2018-08";"3M1";"2.32075"
"2018-08";"TONA";"-0.055"
"2018-08";"SONIA";"0.7042"
"2018-08";"3M3";"0.8005"
"2018-08";"ESTR";
"2018-08";"EURIBOR";"-0.319"
"2018-09";"SARON";"-0.785767"
"2018-09";"1TGT";"-0.9"
"2018-09";"EG3M";"-0.841"
"2018-09";"SOFR";"2.25"
"2018-09";"3M1";"2.39838"
"2018-09";"TONA";"-0.064"
"2018-09";"SONIA";"0.6964"
"2018-09";"3M3";"0.80025"
"2018-09";"ESTR";
"2018-09";"EURIBOR";"-0.318"
"2018-10";"SARON";"-0.73731"
"2018-10";"1TGT";"-0.9"
"2018-10";"EG3M";"-0.951"
"2018-10";"SOFR";"2.22"
"2018-10";"3M1";"2.5585"
"2018-10";"TONA";"-0.068"
"2018-10";"SONIA";"0.7002"
"2018-10";"3M3";"0.81675"
"2018-10";"ESTR";
"2018-10";"EURIBOR";"-0.318"
"2018-11";"SARON";"-0.732697"
"2018-11";"1TGT";"-0.9"
"2018-11";"EG3M";"-0.987"
"2018-11";"SOFR";"2.28"
"2018-11";"3M1";"2.73613"
"2018-11";"TONA";"-0.062"
"2018-11";"SONIA";"0.7002"
"2018-11";"3M3";"0.89338"
"2018-11";"ESTR";
"2018-11";"EURIBOR";"-0.316"
"2018-12";"SARON";"-0.730971"
"2018-12";"1TGT";"-0.95"
"2018-12";"EG3M";"-0.979"
"2018-12";"SOFR";"3"
"2018-12";"3M1";"2.80763"
"2018-12";"TONA";"-0.055"
"2018-12";"SONIA";"0.6998"
"2018-12";"3M3";"0.91244"
"2018-12";"ESTR";
"2018-12";"EURIBOR";"-0.309"
"2019-01";"SARON";"-0.731819"
"2019-01";"1TGT";"-0.9"
"2019-01";"EG3M";"-0.766"
"2019-01";"SOFR";"2.58"
"2019-01";"3M1";"2.7375"
"2019-01";"TONA";"-0.06"
"2019-01";"SONIA";"0.7034"
"2019-01";"3M3";"0.912"
"2019-01";"ESTR";
"2019-01";"EURIBOR";"-0.308"
"2019-02";"SARON";"-0.738785"
"2019-02";"1TGT";"-0.97"
"2019-02";"EG3M";"-0.781"
"2019-02";"SOFR";"2.58"
"2019-02";"3M1";"2.61513"
"2019-02";"TONA";"-0.054"
"2019-02";"SONIA";"0.705"
"2019-02";"3M3";"0.852"
"2019-02";"ESTR";
"2019-02";"EURIBOR";"-0.309"
"2019-03";"SARON";"-0.737656"
"2019-03";"1TGT";"-1.51"
"2019-03";"EG3M";"-0.778"
"2019-03";"SOFR";"2.65"
"2019-03";"3M1";"2.59975"
"2019-03";"TONA";"-0.06"
"2019-03";"SONIA";"0.7036"
"2019-03";"3M3";"0.84838"
"2019-03";"ESTR";
"2019-03";"EURIBOR";"-0.311"
"2019-04";"SARON";"-0.73173"
"2019-04";"1TGT";"-0.85"
"2019-04";"EG3M";"-0.801"
"2019-04";"SOFR";"2.76"
"2019-04";"3M1";"2.57563"
"2019-04";"TONA";"-0.073"
"2019-04";"SONIA";"0.7109"
"2019-04";"3M3";"0.81688"
"2019-04";"ESTR";
"2019-04";"EURIBOR";"-0.31"
"2019-05";"SARON";"-0.73687"
"2019-05";"1TGT";"-0.9"
"2019-05";"EG3M";"-0.806"
"2019-05";"SOFR";"2.49"
"2019-05";"3M1";"2.5025"
"2019-05";"TONA";"-0.059"
"2019-05";"SONIA";"0.7078"
"2019-05";"3M3";"0.79588"
"2019-05";"ESTR";
"2019-05";"EURIBOR";"-0.322"
"2019-06";"SARON";"-0.74023"
"2019-06";"1TGT";"-0.95"
"2019-06";"EG3M";"-0.801"
"2019-06";"SOFR";"2.5"
"2019-06";"3M1";"2.31988"
"2019-06";"TONA";"-0.076"
"2019-06";"SONIA";"0.706"
"2019-06";"3M3";"0.77375"
"2019-06";"ESTR";
"2019-06";"EURIBOR";"-0.345"
"2019-07";"SARON";"-0.74512"
"2019-07";"1TGT";"-0.7"
"2019-07";"EG3M";"-0.918"
"2019-07";"SOFR";"2.55"
"2019-07";"3M1";"2.26563"
"2019-07";"TONA";"-0.071"
"2019-07";"SONIA";"0.7081"
"2019-07";"3M3";"0.77263"
"2019-07";"ESTR";
"2019-07";"EURIBOR";"-0.375"
"2019-08";"SARON";"-0.74726"
"2019-08";"1TGT";"-1.05"
"2019-08";"EG3M";"-0.951"
"2019-08";"SOFR";"2.16"
"2019-08";"3M1";"2.13763"
"2019-08";"TONA";"-0.061"
"2019-08";"SONIA";"0.7103"
"2019-08";"3M3";"0.75925"
"2019-08";"ESTR";
"2019-08";"EURIBOR";"-0.433"
"2019-09";"SARON";"-0.74627"
"2019-09";"1TGT";"-1"
"2019-09";"EG3M";"-0.801"
"2019-09";"SOFR";"2.35"
"2019-09";"3M1";"2.08513"
"2019-09";"TONA";"-0.064"
"2019-09";"SONIA";"0.7101"
"2019-09";"3M3";"0.758"
"2019-09";"ESTR";
"2019-09";"EURIBOR";"-0.418"
"2019-10";"SARON";"-0.73297"
"2019-10";"1TGT";"-0.91"
"2019-10";"EG3M";"-0.924"
"2019-10";"SOFR";"1.76"
"2019-10";"3M1";"1.90225"
"2019-10";"TONA";"-0.03"
"2019-10";"SONIA";"0.7106"
"2019-10";"3M3";"0.80925"
"2019-10";"ESTR";"-0.543"
"2019-10";"EURIBOR";"-0.394"
"2019-11";"SARON";"-0.7065"
"2019-11";"1TGT";"-0.83"
"2019-11";"EG3M";"-0.829"
"2019-11";"SOFR";"1.65"
"2019-11";"3M1";"1.9055"
"2019-11";"TONA";"-0.034"
"2019-11";"SONIA";"0.7123"
"2019-11";"3M3";"0.79313"
"2019-11";"ESTR";"-0.532"
"2019-11";"EURIBOR";"-0.401"
"2019-12";"SARON";"-0.65925"
"2019-12";"1TGT";"-1"
"2019-12";"EG3M";"-0.751"
"2019-12";"SOFR";"1.55"
"2019-12";"3M1";"1.90838"
"2019-12";"TONA";"-0.068"
"2019-12";"SONIA";"0.7098"
"2019-12";"3M3";"0.79163"
"2019-12";"ESTR";"-0.531"
"2019-12";"EURIBOR";"-0.383"
"2020-01";"SARON";"-0.70191"
"2020-01";"1TGT";"-0.85"
"2020-01";"EG3M";"-0.762"
"2020-01";"SOFR";"1.6"
"2020-01";"3M1";"1.75113"
"2020-01";"TONA";"-0.039"
"2020-01";"SONIA";"0.7117"
"2020-01";"3M3";"0.76475"
"2020-01";"ESTR";"-0.539"
"2020-01";"EURIBOR";"-0.393"
"2020-02";"SARON";"-0.70741"
"2020-02";"1TGT";"-0.8"
"2020-02";"EG3M";"-0.762"
"2020-02";"SOFR";"1.6"
"2020-02";"3M1";"1.46275"
"2020-02";"TONA";"-0.025"
"2020-02";"SONIA";"0.7098"
"2020-02";"3M3";"0.67275"
"2020-02";"ESTR";"-0.54"
"2020-02";"EURIBOR";"-0.424"
"2020-03";"SARON";"-0.66619"
"2020-03";"1TGT";"-1.25"
"2020-03";"EG3M";"-0.75"
"2020-03";"SOFR";"0.01"
"2020-03";"3M1";"1.4505"
"2020-03";"TONA";"-0.07"
"2020-03";"SONIA";"0.0729"
"2020-03";"3M3";"0.5955"
"2020-03";"ESTR";"-0.522"
"2020-03";"EURIBOR";"-0.363"
"2020-04";"SARON";"-0.65946"
"2020-04";"1TGT";"-0.85"
"2020-04";"EG3M";"-0.719"
"2020-04";"SOFR";"0.04"
"2020-04";"3M1";"0.55613"
"2020-04";"TONA";"-0.06"
"2020-04";"SONIA";"0.0666"
"2020-04";"3M3";"0.59425"
"2020-04";"ESTR";"-0.531"
"2020-04";"EURIBOR";"-0.273"
"2020-05";"SARON";"-0.65962"
"2020-05";"1TGT";"-0.85"
"2020-05";"EG3M";"-0.734"
"2020-05";"SOFR";"0.06"
"2020-05";"3M1";"0.344"
"2020-05";"TONA";"-0.073"
"2020-05";"SONIA";"0.0679"
"2020-05";"3M3";"0.22775"
"2020-05";"ESTR";"-0.54"
"2020-05";"EURIBOR";"-0.307"
"2020-06";"SARON";"-0.66239"
"2020-06";"1TGT";"-0.9"
"2020-06";"EG3M";"-0.734"
"2020-06";"SOFR";"0.1"
"2020-06";"3M1";"0.302"
"2020-06";"TONA";"-0.068"
"2020-06";"SONIA";"0.0603"
"2020-06";"3M3";"0.14088"
"2020-06";"ESTR";"-0.555"
"2020-06";"EURIBOR";"-0.422"
"2020-07";"SARON";"-0.7037"
"2020-07";"1TGT";"-0.85"
"2020-07";"EG3M";"-0.738"
"2020-07";"SOFR";"0.1"
"2020-07";"3M1";"0.24875"
"2020-07";"TONA";"-0.021"
"2020-07";"SONIA";"0.0603"
"2020-07";"3M3";"0.08438"
"2020-07";"ESTR";"-0.55"
"2020-07";"EURIBOR";"-0.463"
"2020-08";"SARON";"-0.70568"
"2020-08";"1TGT";"-0.83"
"2020-08";"EG3M";"-0.746"
"2020-08";"SOFR";"0.09"
"2020-08";"3M1";"0.24088"
"2020-08";"TONA";"-0.057"
"2020-08";"SONIA";"0.0545"
"2020-08";"3M3";"0.064"
"2020-08";"ESTR";"-0.557"
"2020-08";"EURIBOR";"-0.477"
"2020-09";"SARON";"-0.71371"
"2020-09";"1TGT";"-0.85"
"2020-09";"EG3M";"-0.746"
"2020-09";"SOFR";"0.08"
"2020-09";"3M1";"0.23388"
"2020-09";"TONA";"-0.061"
"2020-09";"SONIA";"0.0509"
"2020-09";"3M3";"0.06088"
"2020-09";"ESTR";"-0.57"
"2020-09";"EURIBOR";"-0.498"
"2020-10";"SARON";"-0.71804"
"2020-10";"1TGT";"-0.83"
"2020-10";"EG3M";"-0.79"
"2020-10";"SOFR";"0.09"
"2020-10";"3M1";"0.21575"
"2020-10";"TONA";"-0.029"
"2020-10";"SONIA";"0.0547"
"2020-10";"3M3";"0.0445"
"2020-10";"ESTR";"-0.557"
"2020-10";"EURIBOR";"-0.523"
"2020-11";"SARON";"-0.72109"
"2020-11";"1TGT";"-0.83"
"2020-11";"EG3M";"-0.805"
"2020-11";"SOFR";"0.09"
"2020-11";"3M1";"0.22763"
"2020-11";"TONA";"-0.032"
"2020-11";"SONIA";"0.054"
"2020-11";"3M3";"0.04463"
"2020-11";"ESTR";"-0.56"
"2020-11";"EURIBOR";"-0.526"
"2020-12";"SARON";"-0.726264"
"2020-12";"1TGT";"-0.85"
"2020-12";"EG3M";"-0.782"
"2020-12";"SOFR";"0.07"
"2020-12";"3M1";"0.23838"
"2020-12";"TONA";"-0.033"
"2020-12";"SONIA";"0.0394"
"2020-12";"3M3";"0.0255"
"2020-12";"ESTR";"-0.583"
"2020-12";"EURIBOR";"-0.545"
"2021-01";"SARON";"-0.725018"
"2021-01";"1TGT";"-0.85"
"2021-01";"EG3M";"-0.774"
"2021-01";"SOFR";"0.06"
"2021-01";"3M1";"0.20188"
"2021-01";"TONA";"-0.012"
"2021-01";"SONIA";"0.0529"
"2021-01";"3M3";"0.03938"
"2021-01";"ESTR";"-0.564"
"2021-01";"EURIBOR";"-0.548"
"2021-02";"SARON";"-0.725267"
"2021-02";"1TGT";"-0.85"
"2021-02";"EG3M";"-0.758"
"2021-02";"SOFR";"0.01"
"2021-02";"3M1";"0.18838"
"2021-02";"TONA";"-0.022"
"2021-02";"SONIA";"0.0512"
"2021-02";"3M3";"0.066"
"2021-02";"ESTR";"-0.566"
"2021-02";"EURIBOR";"-0.53"
"2021-03";"SARON";"-0.72334"
"2021-03";"1TGT";"-0.83"
"2021-03";"EG3M";"-0.766"
"2021-03";"SOFR";"0.01"
"2021-03";"3M1";"0.19425"
"2021-03";"TONA";"-0.044"
"2021-03";"SONIA";"0.0466"
"2021-03";"3M3";"0.08788"
"2021-03";"ESTR";"-0.574"
"2021-03";"EURIBOR";"-0.538"
"2021-04";"SARON";"-0.725071"
"2021-04";"1TGT";"-0.85"
"2021-04";"EG3M";"-0.778"
"2021-04";"SOFR";"0.01"
"2021-04";"3M1";"0.17638"
"2021-04";"TONA";"-0.017"
"2021-04";"SONIA";"0.0509"
"2021-04";"3M3";"0.08388"
"2021-04";"ESTR";"-0.569"
"2021-04";"EURIBOR";"-0.535"
"2021-05";"SARON";"-0.725578"
"2021-05";"1TGT";"-0.85"
"2021-05";"EG3M";"-0.774"
"2021-05";"SOFR";"0.01"
"2021-05";"3M1";"0.13138"
"2021-05";"TONA";"-0.034"
"2021-05";"SONIA";"0.0516"
"2021-05";"3M3";"0.08125"
"2021-05";"ESTR";"-0.571"
"2021-05";"EURIBOR";"-0.544"
"2021-06";"SARON";"-0.722566"
"2021-06";"1TGT";"-0.9"
"2021-06";"EG3M";"-0.77"
"2021-06";"SOFR";"0.05"
"2021-06";"3M1";"0.14575"
"2021-06";"TONA";"-0.05"
"2021-06";"SONIA";"0.0466"
"2021-06";"3M3";"0.07788"
"2021-06";"ESTR";"-0.581"
"2021-06";"EURIBOR";"-0.542"
"2021-07";"SARON";"-0.721564"
"2021-07";"1TGT";"-0.85"
"2021-07";"EG3M";"-0.782"
"2021-07";"SOFR";"0.05"
"2021-07";"3M1";"0.11775"
"2021-07";"TONA";"-0.044"
"2021-07";"SONIA";"0.0506"
"2021-07";"3M3";"0.074"
"2021-07";"ESTR";"-0.571"
"2021-07";"EURIBOR";"-0.544"
"2021-08";"SARON";"-0.72305"
"2021-08";"1TGT";"-0.8"
"2021-08";"EG3M";"-0.77"
"2021-08";"SOFR";"0.05"
"2021-08";"3M1";"0.11963"
"2021-08";"TONA";"-0.036"
"2021-08";"SONIA";"0.0502"
"2021-08";"3M3";"0.06838"
"2021-08";"ESTR";"-0.57"
"2021-08";"EURIBOR";"-0.548"
"2021-09";"SARON";"-0.672877"
"2021-09";"1TGT";"-0.8"
"2021-09";"EG3M";"-0.75"
"2021-09";"SOFR";"0.05"
"2021-09";"3M1";"0.13013"
"2021-09";"TONA";"-0.049"
"2021-09";"SONIA";"0.0479"
"2021-09";"3M3";"0.08188"
"2021-09";"ESTR";"-0.58"
"2021-09";"EURIBOR";"-0.545"
"2021-10";"SARON";"-0.693678"
"2021-10";"1TGT";"-0.8"
"2021-10";"EG3M";"-0.801"
"2021-10";"SOFR";"0.05"
"2021-10";"3M1";"0.13225"
"2021-10";"TONA";"-0.027"
"2021-10";"SONIA";"0.0503"
"2021-10";"3M3";"0.22825"
"2021-10";"ESTR";"-0.578"
"2021-10";"EURIBOR";"-0.553"
"2021-11";"SARON";"-0.680889"
"2021-11";"1TGT";"-0.8"
"2021-11";"EG3M";"-0.849"
"2021-11";"SOFR";"0.05"
"2021-11";"3M1";"0.17325"
"2021-11";"TONA";"-0.048"
"2021-11";"SONIA";"0.0455"
"2021-11";"3M3";"0.09388"
"2021-11";"ESTR";"-0.575"
"2021-11";"EURIBOR";"-0.573"
"2021-12";"SARON";"-0.68483"
"2021-12";"1TGT";"-0.9"
"2021-12";"EG3M";"-0.813"
"2021-12";"SOFR";"0.05"
"2021-12";"3M1";"0.20913"
"2021-12";"TONA";"-0.018"
"2021-12";"SONIA";"0.1906"
"2021-12";"3M3";"0.26225"
"2021-12";"ESTR";"-0.59"
"2021-12";"EURIBOR";"-0.572"
"2022-01";"SARON";"-0.696923"
"2022-01";"1TGT";"-0.8"
"2022-01";"EG3M";"-0.79"
"2022-01";"SOFR";"0.05"
"2022-01";"3M1";"0.30886"
"2022-01";"TONA";"-0.021"
"2022-01";"SONIA";"0.1989"
"2022-01";"3M3";"0.6374"
"2022-01";"ESTR";"-0.579"
"2022-01";"EURIBOR";"-0.552"
"2022-02";"SARON";"-0.698075"
"2022-02";"1TGT";"-0.86"
"2022-02";"EG3M";"-0.765"
"2022-02";"SOFR";"0.05"
"2022-02";"3M1";"0.50429"
"2022-02";"TONA";"-0.012"
"2022-02";"SONIA";"0.4451"
"2022-02";"3M3";"0.878"
"2022-02";"ESTR";"-0.58"
"2022-02";"EURIBOR";"-0.533"
"2022-03";"SARON";"-0.701726"
"2022-03";"1TGT";"-0.8"
"2022-03";"EG3M";"-0.782"
"2022-03";"SOFR";"0.29"
"2022-03";"3M1";"0.96157"
"2022-03";"TONA";"-0.02"
"2022-03";"SONIA";"0.6896"
"2022-03";"3M3";"1.0354"
"2022-03";"ESTR";"-0.593"
"2022-03";"EURIBOR";"-0.458"
"2022-04";"SARON";"-0.701592"
"2022-04";"1TGT";"-0.7"
"2022-04";"EG3M";"-0.75"
"2022-04";"SOFR";"0.28"
"2022-04";"3M1";"1.33486"
"2022-04";"TONA";"-0.021"
"2022-04";"SONIA";"0.6907"
"2022-04";"3M3";"1.2305"
"2022-04";"ESTR";"-0.586"
"2022-04";"EURIBOR";"-0.429"
"2022-05";"SARON";"-0.692302"
"2022-05";"1TGT";"-0.8"
"2022-05";"EG3M";"-0.75"
"2022-05";"SOFR";"0.79"
"2022-05";"3M1";"1.61071"
"2022-05";"TONA";"-0.026"
"2022-05";"SONIA";"0.941"
"2022-05";"3M3";"1.4247"
"2022-05";"ESTR";"-0.589"
"2022-05";"EURIBOR";"-0.338"
"2022-06";"SARON";"-0.195447"
"2022-06";"1TGT";"-0.26"
"2022-06";"EG3M";"-0.245"
"2022-06";"SOFR";"1.5"
"2022-06";"3M1";"2.28514"
"2022-06";"TONA";"-0.04"
"2022-06";"SONIA";"1.1874"
"2022-06";"3M3";"1.6692"
"2022-06";"ESTR";"-0.591"
"2022-06";"EURIBOR";"-0.195"
"2022-07";"SARON";"-0.18865"
"2022-07";"1TGT";"-0.26"
"2022-07";"EG3M";"-0.079"
"2022-07";"SOFR";"2.27"
"2022-07";"3M1";"2.78829"
"2022-07";"TONA";"-0.01"
"2022-07";"SONIA";"1.1909"
"2022-07";"3M3";"1.9357"
"2022-07";"ESTR";"-0.091"
"2022-07";"EURIBOR";"0.232"
"2022-08";"SARON";"-0.200623"
"2022-08";"1TGT";"-0.2"
"2022-08";"EG3M";"0"
"2022-08";"SOFR";"2.29"
"2022-08";"3M1";"3.09971"
"2022-08";"TONA";"-0.041"
"2022-08";"SONIA";"1.6896"
"2022-08";"3M3";"2.5342"
"2022-08";"ESTR";"-0.091"
"2022-08";"EURIBOR";"0.654"
"2022-09";"SARON";"0.43653"
"2022-09";"1TGT";"-0.1"
"2022-09";"EG3M";"0.495"
"2022-09";"SOFR";"2.98"
"2022-09";"3M1";"3.75471"
"2022-09";"TONA";"-0.073"
"2022-09";"SONIA";"2.1901"
"2022-09";"3M3";"3.3444"
"2022-09";"ESTR";"0.642"
"2022-09";"EURIBOR";"1.173"
"2022-10";"SARON";"0.470718"
"2022-10";"1TGT";"-0.06"
"2022-10";"EG3M";"0.432"
"2022-10";"SOFR";"3.05"
"2022-10";"3M1";"4.46029"
"2022-10";"TONA";"-0.062"
"2022-10";"SONIA";"2.1838"
"2022-10";"3M3";"3.3627"
"2022-10";"ESTR";"0.648"
"2022-10";"EURIBOR";"1.704"
"2022-11";"SARON";"0.459251"
"2022-11";"1TGT";"-0.05"
"2022-11";"EG3M";"0.491"
"2022-11";"SOFR";"3.82"
"2022-11";"3M1";"4.77857"
"2022-11";"TONA";"-0.079"
"2022-11";"SONIA";"2.9273"
"2022-11";"3M3";"3.6827"
"2022-11";"ESTR";"1.391"
"2022-11";"EURIBOR";"1.973"
"2022-12";"SARON";"0.942118"
"2022-12";"1TGT";"0.24"
"2022-12";"EG3M";"0.868"
"2022-12";"SOFR";"4.3"
"2022-12";"3M1";"4.76729"
"2022-12";"TONA";"-0.022"
"2022-12";"SONIA";"3.4282"
"2022-12";"3M3";"3.874"
"2022-12";"ESTR";"1.89"
"2022-12";"EURIBOR";"2.132"
"2023-01";"SARON";"0.946142"
"2023-01";"1TGT";"0.45"
"2023-01";"EG3M";"1.131"
"2023-01";"SOFR";"4.31"
"2023-01";"3M1";"4.81357"
"2023-01";"TONA";"-0.014"
"2023-01";"SONIA";"3.4269"
"2023-01";"3M3";"4.1249"
"2023-01";"ESTR";"1.894"
"2023-01";"EURIBOR";"2.512"
"2023-02";"SARON";"0.937929"
"2023-02";"1TGT";"0.45"
"2023-02";"EG3M";"1.186"
"2023-02";"SOFR";"4.55"
"2023-02";"3M1";"4.971"
"2023-02";"TONA";"-0.011"
"2023-02";"SONIA";"3.927"
"2023-02";"3M3";"4.3247"
"2023-02";"ESTR";"2.388"
"2023-02";"EURIBOR";"2.744"
"2023-03";"SARON";"1.418617"
"2023-03";"1TGT";"0.6"
"2023-03";"EG3M";"1.091"
"2023-03";"SOFR";"4.87"
"2023-03";"3M1";"5.19271"
"2023-03";"TONA";"-0.03"
"2023-03";"SONIA";"4.1777"
"2023-03";"3M3";"4.418"
"2023-03";"ESTR";"2.884"
"2023-03";"EURIBOR";"3.038"
"2023-04";"SARON";"1.419656"
"2023-04";"1TGT";"0.9"
"2023-04";"EG3M";"1.306"
"2023-04";"SOFR";"4.81"
"2023-04";"3M1";"5.30243"
"2023-04";"TONA";"-0.073"
"2023-04";"SONIA";"4.1792"
"2023-04";"3M3";"4.6199"
"2023-04";"ESTR";"2.894"
"2023-04";"EURIBOR";"3.265"
"2023-05";"SARON";"1.441883"
"2023-05";"1TGT";"0.95"
"2023-05";"EG3M";"1.441"
"2023-05";"SOFR";"5.08"
"2023-05";"3M1";"5.51671"
"2023-05";"TONA";"-0.071"
"2023-05";"SONIA";"4.4278"
"2023-05";"3M3";"4.8837"
"2023-05";"ESTR";"3.144"
"2023-05";"EURIBOR";"3.463"
"2023-06";"SARON";"1.706544"
"2023-06";"1TGT";"1.2"
"2023-06";"EG3M";"1.649"
"2023-06";"SOFR";"5.09"
"2023-06";"3M1";"5.54543"
"2023-06";"TONA";"-0.077"
"2023-06";"SONIA";"4.9286"
"2023-06";"3M3";"5.3901"
"2023-06";"ESTR";"3.4"
"2023-06";"EURIBOR";"3.577"
"2023-07";"SARON";"1.702332"
"2023-07";"1TGT";"1.2"
"2023-07";"EG3M";"1.696"
"2023-07";"SOFR";"5.31"
"2023-07";"3M1";"5.62693"
"2023-07";"TONA";"-0.061"
"2023-07";"SONIA";"4.9304"
"2023-07";"3M3";"5.5211"
"2023-07";"ESTR";"3.392"
"2023-07";"EURIBOR";"3.715"
"2023-08";"SARON";"1.705343"
"2023-08";"1TGT";"1.2"
"2023-08";"EG3M";"1.728"
"2023-08";"SOFR";"5.31"
"2023-08";"3M1";"5.66283"
"2023-08";"TONA";"-0.056"
"2023-08";"SONIA";"5.1852"
"2023-08";"3M3";"5.5784"
"2023-08";"ESTR";"3.646"
"2023-08";"EURIBOR";"3.795"
"2023-09";"SARON";"1.714893"
"2023-09";"1TGT";"1.2"
"2023-09";"EG3M";"1.792"
"2023-09";"SOFR";"5.31"
"2023-09";"3M1";"5.65711"
"2023-09";"TONA";"-0.062"
"2023-09";"SONIA";"5.1867"
"2023-09";"3M3";"5.4091"
"2023-09";"ESTR";"3.88"
"2023-09";"EURIBOR";"3.952"
"2023-10";"SARON";"1.704967"
"2023-10";"1TGT";"1.2"
"2023-10";"EG3M";"1.569"
"2023-10";"SOFR";"5.35"
"2023-10";"3M1";"5.64436"
"2023-10";"TONA";"-0.02"
"2023-10";"SONIA";"5.1861"
"2023-10";"3M3";"5.3724"
"2023-10";"ESTR";"3.882"
"2023-10";"EURIBOR";"3.972"
"2023-11";"SARON";"1.701526"
"2023-11";"1TGT";"1.63"
"2023-11";"EG3M";"1.609"
"2023-11";"SOFR";"5.33"
"2023-11";"3M1";"5.63099"
"2023-11";"TONA";"-0.022"
"2023-11";"SONIA";"5.1881"
"2023-11";"3M3";"5.3513"
"2023-11";"ESTR";"3.891"
"2023-11";"EURIBOR";"3.964"
"2023-12";"SARON";"1.695237"
"2023-12";"1TGT";"1.6"
"2023-12";"EG3M";"1.677"
"2023-12";"SOFR";"5.38"
"2023-12";"3M1";"5.59301"
"2023-12";"TONA";"-0.039"
"2023-12";"SONIA";"5.1869"
"2023-12";"3M3";"5.3246"
"2023-12";"ESTR";"3.882"
"2023-12";"EURIBOR";"3.909"
"2024-01";"SARON";"1.698236"
"2024-01";"1TGT";"1.45"
"2024-01";"EG3M";"1.625"
"2024-01";"SOFR";"5.32"
"2024-01";"3M1";"5.57694"
"2024-01";"TONA";"-0.011"
"2024-01";"SONIA";"5.1881"
"2024-01";"3M3";"5.3212"
"2024-01";"ESTR";"3.894"
"2024-01";"EURIBOR";"3.905"
"2024-02";"SARON";"1.697838"
"2024-02";"1TGT";"1.5"
"2024-02";"EG3M";"1.573"
"2024-02";"SOFR";"5.32"
"2024-02";"3M1";"5.59513"
"2024-02";"TONA";"-0.005"
"2024-02";"SONIA";"5.1885"
"2024-02";"3M3";"5.3291"
"2024-02";"ESTR";"3.887"
"2024-02";"EURIBOR";"3.937"
"2024-03";"SARON";"1.464207"
"2024-03";"1TGT";"1.34"
"2024-03";"EG3M";"1.589"
"2024-03";"SOFR";"5.34"
"2024-03";"3M1";"5.55984"
"2024-03";"TONA";"0.074"
"2024-03";"SONIA";"5.1911"
"2024-03";"3M3";"5.3037"
"2024-03";"ESTR";"3.899"
"2024-03";"EURIBOR";"3.892"
"2024-04";"SARON";"1.444518"
"2024-04";"1TGT";"1.3"
"2024-04";"EG3M";"1.307"
"2024-04";"SOFR";"5.34"
"2024-04";"3M1";"5.58975"
"2024-04";"TONA";"0.076"
"2024-04";"SONIA";"5.1998"
"2024-04";"3M3";
"2024-04";"ESTR";"3.889"
"2024-04";"EURIBOR";"3.825"
"2024-05";"SARON";"1.450122"
"2024-05";"1TGT";"1.27"
"2024-05";"EG3M";"1.298"
"2024-05";"SOFR";"5.34"
"2024-05";"3M1";"5.60445"
"2024-05";"TONA";"0.077"
"2024-05";"SONIA";"5.2"
"2024-05";"3M3";
"2024-05";"ESTR";"3.892"
"2024-05";"EURIBOR";"3.785"
"2024-06";"SARON";"1.215794"
"2024-06";"1TGT";"0.92"
"2024-06";"EG3M";"1.234"
"2024-06";"SOFR";"5.33"
"2024-06";"3M1";"5.58621"
"2024-06";"TONA";"0.076"
"2024-06";"SONIA";"5.2"
"2024-06";"3M3";
"2024-06";"ESTR";"3.656"
"2024-06";"EURIBOR";"3.711"
"2024-07";"SARON";"1.21096"
"2024-07";"1TGT";"0.93"
"2024-07";"EG3M";"1.079"
"2024-07";"SOFR";"5.38"
"2024-07";"3M1";"5.50271"
"2024-07";"TONA";"0.079"
"2024-07";"SONIA";"5.2"
"2024-07";"3M3";
"2024-07";"ESTR";"3.653"
"2024-07";"EURIBOR";"3.647"
"2024-08";"SARON";"1.217226"
"2024-08";"1TGT";"1.08"
"2024-08";"EG3M";"0.888"
"2024-08";"SOFR";"5.32"
"2024-08";"3M1";"5.27823"
"2024-08";"TONA";"0.227"
"2024-08";"SONIA";"4.95"
"2024-08";"3M3";
"2024-08";"ESTR";"3.654"
"2024-08";"EURIBOR";"3.49"
"2024-09";"SARON";"0.957401"
"2024-09";"1TGT";"0.64"
"2024-09";"EG3M";"0.84"
"2024-09";"SOFR";"4.96"
"2024-09";"3M1";"4.85372"
"2024-09";"TONA";"0.225"
"2024-09";"SONIA";"4.95"
"2024-09";"3M3";
"2024-09";"ESTR";"3.41"
"2024-09";"EURIBOR";"3.279"
